Conventions,G,BADC-CSV,1
title,G,uk-daily-temperature-obs
source,G,Met Office MIDAS database
creator,G,Met Office
activity,G,Met Office MIDAS Open: UK Land Surface Stations Data
feature_type,G,point series
collection_name,G,midas-open
collection_version_number,G,dataset-version-201908
history,G,Created 2019-08-20
last_revised_date,G,2019-08-20
observation_station,G,cardiff-bute-park
historic_county_name,G,south-glamorgan
midas_station_id,G,01272
location,G,51.488,-3.189
height,G,9,m
date_valid,G,2018-01-01 00:00:00,2018-12-31 23:59:59
midas_qc_version_number,G,1
comments,G,The midas_qc_version_number indicates if the data are original received message (0) or current best version (1)
comments,G,This file contains station observations
comments,G,missing values are identified with the missing data flag
missing_value,G,NA
coordinate_variable,ob_end_time,t
long_name,ob_end_time,Date and time at end of observation,s
type,ob_end_time,char
comments,ob_end_time,Date and time (YYYY-MM-DD HH:MM:SS) at the end of the observation period
comments,ob_end_time,Use ob_end_time in conjunction with ob_hour_count to determine the period over which the observation relates.
comments,ob_end_time,Common periods include 12 hour observations ending at 0900 or 2100 or 24 hour observations ending at 0900.
long_name,id_type,identifier type,1
type,id_type,char
comments,id_type,a station may have more than one id assigned to it defined by id_type
long_name,id,station identifier,1
type,id,char
comments,id,a station may have more than one id assigned to it 
long_name,ob_hour_count,observation hour count,hours
type,ob_hour_count,int
comments,ob_hour_count,number of hours the observation period spans
long_name,version_num,midas qc version number,1
type,version_num,int
comments,version_num,The midas_qc_version_number indicates if the data are original received message (0) or current best version (1)
long_name,met_domain_name,message type,1
type,met_domain_name,char
comments,met_domain_name,message type (see MIDAS documentation)
long_name,src_id,unique MIDAS source identifier,1
type,src_id,int
long_name,rec_st_ind,state indicator for the record,1
type,rec_st_ind,int
comments,rec_st_ind,state indicator for the current stage in the life of the record (see MIDAS documentation)
long_name,max_air_temp,maximum air temperature,degC
type,max_air_temp,float
comments,max_air_temp,maximum air temperature recorded during the observation period
long_name,min_air_temp,minimum air temperature,degC
type,min_air_temp,float
comments,min_air_temp,minimum air temperature recorded during the observation period
long_name,min_grss_temp,minimum grass temperature, degC
type,min_grss_temp,float
comments,min_grss_temp,minimum grass temperature recorded during the observation period
long_name,min_conc_temp,minimum concrete temperature, degC
type,min_conc_temp,float
comments,min_conc_temp,minimum concrete temperature recorded during the observation period
long_name,max_air_temp_q,maximum air temperature qc code,1
type,max_air_temp_q,int
comments,max_air_temp_q,maximum air temperature qc code (see MIDAS documentation)
long_name,min_air_temp_q,minimum air temperature qc code,1
type,min_air_temp_q,int
comments,min_air_temp_q,minimum air temperature qc code (see MIDAS documentation)
long_name,min_grss_temp_q,minimum grass temperature qc code,1
type,min_grss_temp_q,int
comments,min_grss_temp_q,minimum grass temperature qc code (see MIDAS documentation)
long_name,min_conc_temp_q,minimum concrete temperature qc code,1
type,min_conc_temp_q,int
comments,min_conc_temp_q,minimum concrete temperature qc code (see MIDAS documentation)
long_name,max_air_temp_j,maximum air temperature descriptor code,1
type,max_air_temp_j,int
comments,max_air_temp_j,maximum air temperature descriptor code (see MIDAS documentation)
long_name,min_air_temp_j,minimum air temperature descriptor code,1
type,min_air_temp_j,int
comments,min_air_temp_j,minimum air temperature descriptor code (see MIDAS documentation)
long_name,min_grss_temp_j,minimum grass temperature descriptor code,1
type,min_grss_temp_j,int
comments,min_grss_temp_j,minimum grass temperature descriptor code (see MIDAS documentation)
long_name,min_conc_temp_j,minimum concrete temperature descriptor code,1
type,min_conc_temp_j,int
comments,min_conc_temp_j,minimum concrete temperature descriptor code (see MIDAS documentation)
long_name,meto_stmp_time,Met Office receipt stamp time,s
type,meto_stmp_time,char
comments,meto_stmp_time,Met Office receipt stamp time as YYYY-MM-DD HH:MM:SS
long_name,midas_stmp_etime,elapsed time to storage in MIDAS,minutes
type,midas_stmp_etime,int
comments,midas_stmp_etime,elapsed time to storage in MIDAS in minutes
data
ob_end_time,id_type,id,ob_hour_count,version_num,met_domain_name,src_id,rec_st_ind,max_air_temp,min_air_temp,min_grss_temp,min_conc_temp,max_air_temp_q,min_air_temp_q,min_grss_temp_q,min_conc_temp_q,max_air_temp_j,min_air_temp_j,min_grss_temp_j,min_conc_temp_j,meto_stmp_time,midas_stmp_etime
2018-01-01 09:00:00,DCNN,8491,12,1,AWSDLY,1272,1011,8,5.7,3.4,NA,6,6,6,NA,NA,NA,NA,NA,2018-01-01 09:00:00,0
2018-01-01 21:00:00,DCNN,8491,12,1,AWSDLY,1272,1011,9.2,5.5,NA,NA,6,6,NA,NA,NA,NA,NA,NA,2018-01-01 21:01:00,0
2018-01-02 09:00:00,DCNN,8491,12,1,AWSDLY,1272,1011,7.4,1.4,-2.4,NA,6,6,6,NA,NA,NA,NA,NA,2018-01-02 09:00:00,0
2018-01-02 21:00:00,DCNN,8491,12,1,AWSDLY,1272,1011,13,6.9,NA,NA,6,6,NA,NA,NA,NA,NA,NA,2018-01-02 21:01:00,0
2018-01-03 09:00:00,DCNN,8491,12,1,AWSDLY,1272,1011,13,7.3,6,0,6,6,6,6,NA,NA,NA,NA,2018-01-03 09:01:00,0
2018-01-03 21:00:00,DCNN,8491,12,1,AWSDLY,1272,1011,10.5,8.6,NA,NA,6,6,NA,NA,NA,NA,NA,NA,2018-01-03 21:02:00,0
2018-01-04 09:00:00,DCNN,8491,12,1,AWSDLY,1272,1011,11.7,7.1,5.8,0,6,6,6,6,NA,NA,NA,NA,2018-01-04 09:12:08,NA
2018-01-04 21:00:00,DCNN,8491,12,1,AWSDLY,1272,1011,11.8,5.9,NA,NA,6,6,NA,NA,NA,NA,NA,NA,2018-01-04 21:01:00,0
2018-01-05 09:00:00,DCNN,8491,12,1,AWSDLY,1272,1011,7.4,3.3,-0.8,NA,6,6,6,NA,NA,NA,NA,NA,2018-01-05 09:01:00,0
2018-01-05 21:00:00,DCNN,8491,12,1,AWSDLY,1272,1011,7.5,1,NA,NA,6,6,NA,NA,NA,NA,NA,NA,2018-01-05 21:00:00,0
2018-01-06 09:00:00,DCNN,8491,12,1,AWSDLY,1272,1011,1.3,-2.2,-6.3,NA,6,6,6,NA,NA,NA,NA,NA,2018-01-06 09:01:00,0
2018-01-06 21:00:00,DCNN,8491,12,1,AWSDLY,1272,1011,5.3,-1.9,NA,NA,6,6,NA,NA,NA,NA,NA,NA,2018-01-06 21:02:00,0
2018-01-07 09:00:00,DCNN,8491,12,1,AWSDLY,1272,1011,4,1.8,-0.3,NA,6,6,6,NA,NA,NA,NA,NA,2018-01-07 09:01:00,0
2018-01-07 21:00:00,DCNN,8491,12,1,AWSDLY,1272,1011,5.2,1.6,NA,NA,6,6,NA,NA,NA,NA,NA,NA,2018-01-07 21:00:00,0
2018-01-08 09:00:00,DCNN,8491,12,1,AWSDLY,1272,1011,1.9,0.8,-1,NA,6,6,6,NA,NA,NA,NA,NA,2018-01-08 09:01:00,0
2018-01-08 21:00:00,DCNN,8491,12,1,AWSDLY,1272,1011,3.1,1.9,NA,NA,6,6,NA,NA,NA,NA,NA,NA,2018-01-08 21:01:00,0
2018-01-09 09:00:00,DCNN,8491,12,1,AWSDLY,1272,1011,3.9,2.8,2.5,NA,6,6,6,NA,NA,NA,NA,NA,2018-01-09 09:01:00,0
2018-01-09 21:00:00,DCNN,8491,12,1,AWSDLY,1272,1011,8.3,2.8,NA,NA,6,6,NA,NA,NA,NA,NA,NA,2018-01-09 20:59:00,0
2018-01-10 09:00:00,DCNN,8491,12,1,AWSDLY,1272,1011,8.3,2.4,-0.2,NA,6,6,6,NA,NA,NA,NA,NA,2018-01-10 09:01:00,0
2018-01-10 21:00:00,DCNN,8491,12,1,AWSDLY,1272,1011,11.3,0.8,NA,NA,6,6,NA,NA,NA,NA,NA,NA,2018-01-10 21:02:00,0
2018-01-11 09:00:00,DCNN,8491,12,1,AWSDLY,1272,1011,4.2,-0.4,-3.7,NA,6,6,6,NA,NA,NA,NA,NA,2018-01-11 09:01:00,0
2018-01-11 21:00:00,DCNN,8491,12,1,AWSDLY,1272,1011,9.4,-0.5,NA,NA,6,6,NA,NA,NA,NA,NA,NA,2018-01-11 21:01:00,0
2018-01-12 09:00:00,DCNN,8491,12,1,AWSDLY,1272,1011,-0.2,-2.5,-6.9,NA,6,6,6,NA,NA,NA,NA,NA,2018-01-12 09:02:00,0
2018-01-12 21:00:00,DCNN,8491,12,1,AWSDLY,1272,1011,6.7,-1.2,NA,NA,6,6,NA,NA,NA,NA,NA,NA,2018-01-12 21:02:00,0
2018-01-13 09:00:00,DCNN,8491,12,1,AWSDLY,1272,1011,7.1,5.9,3.4,NA,6,6,6,NA,NA,NA,NA,NA,2018-01-13 09:01:00,0
2018-01-13 21:00:00,DCNN,8491,12,1,AWSDLY,1272,1011,7.7,5.9,NA,NA,6,6,NA,NA,NA,NA,NA,NA,2018-01-13 21:01:00,0
2018-01-14 09:00:00,DCNN,8491,12,1,AWSDLY,1272,1011,6.4,4.4,4,NA,6,6,6,NA,NA,NA,NA,NA,2018-01-14 09:00:00,0
2018-01-14 21:00:00,DCNN,8491,12,1,AWSDLY,1272,1011,6.1,4.5,NA,NA,6,6,NA,NA,NA,NA,NA,NA,2018-01-14 21:01:00,0
2018-01-15 09:00:00,DCNN,8491,12,1,AWSDLY,1272,1011,10.1,6.1,4.2,NA,6,6,6,NA,NA,NA,NA,NA,2018-01-15 09:01:00,0
2018-01-15 21:00:00,DCNN,8491,12,1,AWSDLY,1272,1011,11,6.2,NA,NA,6,6,NA,NA,NA,NA,NA,NA,2018-01-15 21:01:00,0
2018-01-16 09:00:00,DCNN,8491,12,1,AWSDLY,1272,1011,7.2,4.2,2.4,NA,6,6,6,NA,NA,NA,NA,NA,2018-01-16 09:01:00,0
2018-01-16 21:00:00,DCNN,8491,12,1,AWSDLY,1272,1011,7.6,2.5,NA,NA,6,6,NA,NA,NA,NA,NA,NA,2018-01-16 21:04:00,0
2018-01-17 09:00:00,DCNN,8491,12,1,AWSDLY,1272,1011,4.6,2.6,0.2,NA,6,6,6,NA,NA,NA,NA,NA,2018-01-17 09:03:00,0
2018-01-17 21:00:00,DCNN,8491,12,1,AWSDLY,1272,1011,8.6,3.5,NA,NA,6,6,NA,NA,NA,NA,NA,NA,2018-01-17 21:00:00,0
2018-01-18 09:00:00,DCNN,8491,12,1,AWSDLY,1272,1011,10.9,6,3.8,NA,6,6,6,NA,NA,NA,NA,NA,2018-01-18 09:00:00,0
2018-01-18 21:00:00,DCNN,8491,12,1,AWSDLY,1272,1011,9.8,4.5,NA,NA,6,6,NA,NA,NA,NA,NA,NA,2018-01-18 21:01:00,0
2018-01-19 09:00:00,DCNN,8491,12,1,AWSDLY,1272,1011,4.7,-1.1,-5.6,NA,6,6,6,NA,NA,NA,NA,NA,2018-01-19 09:03:00,0
2018-01-19 21:00:00,DCNN,8491,12,1,AWSDLY,1272,1011,7.8,-0.4,NA,NA,6,6,NA,NA,NA,NA,NA,NA,2018-01-19 21:00:00,0
2018-01-20 09:00:00,DCNN,8491,12,1,AWSDLY,1272,1011,5.2,2.3,-1.4,NA,6,6,6,NA,NA,NA,NA,NA,2018-01-20 09:02:00,0
2018-01-20 21:00:00,DCNN,8491,12,1,AWSDLY,1272,1011,7.1,2.6,NA,NA,6,6,NA,NA,NA,NA,NA,NA,2018-01-20 21:01:00,0
2018-01-21 09:00:00,DCNN,8491,12,1,AWSDLY,1272,1011,3.8,1,-1.1,NA,6,6,6,NA,NA,NA,NA,NA,2018-01-21 09:01:00,0
2018-01-21 21:00:00,DCNN,8491,12,1,AWSDLY,1272,1011,10.5,3.5,NA,NA,6,6,NA,NA,NA,NA,NA,NA,2018-01-21 22:00:00,0
2018-01-22 09:00:00,DCNN,8491,12,1,AWSDLY,1272,1011,10.3,6.5,4.2,NA,6,6,6,NA,NA,NA,NA,NA,2018-01-22 09:01:00,0
2018-01-22 21:00:00,DCNN,8491,12,1,AWSDLY,1272,1011,9.6,6.6,NA,NA,6,6,NA,NA,NA,NA,NA,NA,2018-01-22 21:01:00,0
2018-01-23 09:00:00,DCNN,8491,12,1,AWSDLY,1272,1011,12,7.9,6.3,NA,6,6,6,NA,NA,NA,NA,NA,2018-01-23 09:00:00,0
2018-01-23 21:00:00,DCNN,8491,12,1,AWSDLY,1272,1011,12.6,10.7,NA,NA,6,6,NA,NA,NA,NA,NA,NA,2018-01-23 21:00:00,0
2018-01-24 09:00:00,DCNN,8491,12,1,AWSDLY,1272,1011,13.5,8.2,8.6,NA,6,6,6,NA,NA,NA,NA,NA,2018-01-24 09:01:00,0
2018-01-24 21:00:00,DCNN,8491,12,1,AWSDLY,1272,1011,9.4,5.9,NA,NA,6,6,NA,NA,NA,NA,NA,NA,2018-01-24 21:01:00,0
2018-01-25 09:00:00,DCNN,8491,12,1,AWSDLY,1272,1011,8,6.2,3.4,NA,6,6,6,NA,NA,NA,NA,NA,2018-01-25 09:01:00,0
2018-01-25 21:00:00,DCNN,8491,12,1,AWSDLY,1272,1011,10.7,4.6,NA,NA,6,6,NA,NA,NA,NA,NA,NA,2018-01-25 21:01:00,0
2018-01-26 09:00:00,DCNN,8491,12,1,AWSDLY,1272,1011,5.5,2,-1.2,NA,6,6,6,NA,NA,NA,NA,NA,2018-01-26 09:00:00,0
2018-01-26 21:00:00,DCNN,8491,12,1,AWSDLY,1272,1011,9.4,3.2,NA,NA,6,6,NA,NA,NA,NA,NA,NA,2018-01-26 21:02:00,0
2018-01-27 09:00:00,DCNN,8491,12,1,AWSDLY,1272,1011,7.2,2.2,-1.5,NA,6,6,6,NA,NA,NA,NA,NA,2018-01-27 09:01:00,0
2018-01-27 21:00:00,DCNN,8491,12,1,AWSDLY,1272,1011,10.7,7.2,NA,NA,6,6,NA,NA,NA,NA,NA,NA,2018-01-27 21:00:00,0
2018-01-28 09:00:00,DCNN,8491,12,1,AWSDLY,1272,1011,10.2,9.1,9.8,NA,6,6,6,NA,NA,NA,NA,NA,2018-01-28 08:59:00,0
2018-01-28 21:00:00,DCNN,8491,12,1,AWSDLY,1272,1011,11.4,10.2,NA,NA,6,6,NA,NA,NA,NA,NA,NA,2018-01-28 21:04:00,0
2018-01-29 09:00:00,DCNN,8491,12,1,AWSDLY,1272,1011,11,9.7,9.5,NA,6,6,6,NA,NA,NA,NA,NA,2018-01-29 09:01:00,0
2018-01-29 21:00:00,DCNN,8491,12,1,AWSDLY,1272,1011,11.5,3.4,NA,NA,6,6,NA,NA,NA,NA,NA,NA,2018-01-29 21:00:00,0
2018-01-30 09:00:00,DCNN,8491,12,1,AWSDLY,1272,1011,3.8,-1.2,-5.4,NA,6,6,6,NA,NA,NA,NA,NA,2018-01-30 09:00:00,0
2018-01-30 21:00:00,DCNN,8491,12,1,AWSDLY,1272,1011,8,-0.1,NA,NA,6,6,NA,NA,NA,NA,NA,NA,2018-01-30 21:00:00,0
2018-01-31 09:00:00,DCNN,8491,12,1,AWSDLY,1272,1011,9.5,7,5.9,NA,6,6,6,NA,NA,NA,NA,NA,2018-01-31 09:05:00,0
2018-01-31 21:00:00,DCNN,8491,12,1,AWSDLY,1272,1011,7.8,3.9,NA,NA,6,6,NA,NA,NA,NA,NA,NA,2018-01-31 21:01:00,0
2018-02-01 09:00:00,DCNN,8491,12,1,AWSDLY,1272,1011,5.7,3.4,0.1,NA,6,6,6,NA,NA,NA,NA,NA,2018-02-01 09:01:00,0
2018-02-01 21:00:00,DCNN,8491,12,1,AWSDLY,1272,1011,8.4,4.5,NA,NA,6,6,NA,NA,NA,NA,NA,NA,2018-02-01 21:02:00,0
2018-02-02 09:00:00,DCNN,8491,12,1,AWSDLY,1272,1011,4.7,0.9,-3.6,NA,6,6,6,NA,NA,NA,NA,NA,2018-02-02 09:02:00,0
2018-02-02 21:00:00,DCNN,8491,12,1,AWSDLY,1272,1011,9.7,2.5,NA,NA,6,6,NA,NA,NA,NA,NA,NA,2018-02-02 21:01:00,0
2018-02-03 09:00:00,DCNN,8491,12,1,AWSDLY,1272,1011,4.7,3,-2,NA,6,6,6,NA,NA,NA,NA,NA,2018-02-03 09:01:00,0
2018-02-03 21:00:00,DCNN,8491,12,1,AWSDLY,1272,1011,7.9,4.7,NA,NA,6,6,NA,NA,NA,NA,NA,NA,2018-02-03 21:01:00,0
2018-02-04 09:00:00,DCNN,8491,12,1,AWSDLY,1272,1011,5.9,3.6,2.1,NA,6,6,6,NA,NA,NA,NA,NA,2018-02-04 09:01:00,0
2018-02-04 21:00:00,DCNN,8491,12,1,AWSDLY,1272,1011,5.8,2,NA,NA,6,6,NA,NA,NA,NA,NA,NA,2018-02-04 21:01:00,0
2018-02-05 09:00:00,DCNN,8491,12,1,AWSDLY,1272,1011,3.1,-0.3,-5,NA,6,6,6,NA,NA,NA,NA,NA,2018-02-05 09:02:00,0
2018-02-05 21:00:00,DCNN,8491,12,1,AWSDLY,1272,1011,6,-0.2,NA,NA,6,6,NA,NA,NA,NA,NA,NA,2018-02-05 21:01:00,0
2018-02-06 09:00:00,DCNN,8491,12,1,AWSDLY,1272,1011,2.4,0.4,-5.1,NA,6,6,6,NA,NA,NA,NA,NA,2018-02-06 09:01:00,0
2018-02-06 21:00:00,DCNN,8491,12,1,AWSDLY,1272,1011,4.4,1.7,NA,NA,6,6,NA,NA,NA,NA,NA,NA,2018-02-06 21:01:00,0
2018-02-07 09:00:00,DCNN,8491,12,1,AWSDLY,1272,1011,2.8,-3.5,-7.9,NA,1006,6,6,NA,NA,NA,NA,NA,2018-02-07 09:00:00,0
2018-02-07 21:00:00,DCNN,8491,12,1,AWSDLY,1272,1011,6.6,-2.3,NA,NA,6,6,NA,NA,NA,NA,NA,NA,2018-02-07 21:01:00,0
2018-02-08 09:00:00,DCNN,8491,12,1,AWSDLY,1272,1011,4.6,-1.4,-5.5,NA,6,6,6,NA,NA,NA,NA,NA,2018-02-08 09:00:00,0
2018-02-08 21:00:00,DCNN,8491,12,1,AWSDLY,1272,1011,9.1,4.3,NA,NA,6,6,NA,NA,NA,NA,NA,NA,2018-02-08 21:01:00,0
2018-02-09 09:00:00,DCNN,8491,12,1,AWSDLY,1272,1011,7.7,1.3,-0.6,NA,6,6,6,NA,NA,NA,NA,NA,2018-02-09 09:00:00,0
2018-02-09 21:00:00,DCNN,8491,12,1,AWSDLY,1272,1011,6.8,1.1,NA,NA,6,6,NA,NA,NA,NA,NA,NA,2018-02-09 21:00:00,0
2018-02-10 09:00:00,DCNN,8491,12,1,AWSDLY,1272,1011,5.7,-0.4,-4,NA,6,6,6,NA,NA,NA,NA,NA,2018-02-10 09:00:00,0
2018-02-10 21:00:00,DCNN,8491,12,1,AWSDLY,1272,1011,10,5.1,NA,NA,6,6,NA,NA,NA,NA,NA,NA,2018-02-10 21:01:00,0
2018-02-11 09:00:00,DCNN,8491,12,1,AWSDLY,1272,1011,10.6,3.1,0.4,NA,6,6,6,NA,NA,NA,NA,NA,2018-02-11 09:01:00,0
2018-02-11 21:00:00,DCNN,8491,12,1,AWSDLY,1272,1011,7.1,1.5,NA,NA,6,6,NA,NA,NA,NA,NA,NA,2018-02-11 21:00:00,0
2018-02-12 09:00:00,DCNN,8491,12,1,AWSDLY,1272,1011,1.7,-1,-5.2,NA,6,6,6,NA,NA,NA,NA,NA,2018-02-12 09:01:00,0
2018-02-12 21:00:00,DCNN,8491,12,1,AWSDLY,1272,1011,7.6,1.1,NA,NA,6,1006,NA,NA,NA,NA,NA,NA,2018-02-12 21:01:00,0
2018-02-13 09:00:00,DCNN,8491,12,1,AWSDLY,1272,1011,6.6,3.6,-0.3,NA,6,6,6,NA,NA,NA,NA,NA,2018-02-13 09:02:00,0
2018-02-13 21:00:00,DCNN,8491,12,1,AWSDLY,1272,1011,7.8,-0.5,NA,NA,6,6,NA,NA,NA,NA,NA,NA,2018-02-13 21:01:00,0
2018-02-14 09:00:00,DCNN,8491,12,1,AWSDLY,1272,1011,4.9,-2.4,-6.9,NA,6,6,6,NA,NA,NA,NA,NA,2018-02-14 09:01:00,0
2018-02-14 21:00:00,DCNN,8491,12,1,AWSDLY,1272,1011,9.3,4.6,NA,NA,6,6,NA,NA,NA,NA,NA,NA,2018-02-14 21:04:00,0
2018-02-15 09:00:00,DCNN,8491,12,1,AWSDLY,1272,1011,9,4.8,2.2,NA,6,6,6,NA,NA,NA,NA,NA,2018-02-15 09:00:00,0
2018-02-15 21:00:00,DCNN,8491,12,1,AWSDLY,1272,1011,9.6,3.6,NA,NA,6,6,NA,NA,NA,NA,NA,NA,2018-02-15 21:01:00,0
2018-02-16 09:00:00,DCNN,8491,12,1,AWSDLY,1272,1011,3.7,-2.1,-6,NA,6,6,6,NA,NA,NA,NA,NA,2018-02-16 09:00:00,0
2018-02-16 21:00:00,DCNN,8491,12,1,AWSDLY,1272,1011,10.3,0.9,NA,NA,6,6,NA,NA,NA,NA,NA,NA,2018-02-16 21:02:00,0
2018-02-17 09:00:00,DCNN,8491,12,1,AWSDLY,1272,1011,6,1.8,-2.3,NA,6,6,6,NA,NA,NA,NA,NA,2018-02-17 09:01:00,0
2018-02-17 21:00:00,DCNN,8491,12,1,AWSDLY,1272,1011,10.9,4.5,NA,NA,6,6,NA,NA,NA,NA,NA,NA,2018-02-17 22:00:00,0
2018-02-18 09:00:00,DCNN,8491,12,1,AWSDLY,1272,1011,6.9,5,-0.7,NA,6,6,6,NA,NA,NA,NA,NA,2018-02-18 09:02:00,0
2018-02-18 21:00:00,DCNN,8491,12,1,AWSDLY,1272,1011,8.9,6.8,NA,NA,6,6,NA,NA,NA,NA,NA,NA,2018-02-18 21:01:00,0
2018-02-19 09:00:00,DCNN,8491,12,1,AWSDLY,1272,1011,8.1,7.3,7.2,NA,6,6,6,NA,NA,NA,NA,NA,2018-02-19 09:03:00,0
2018-02-19 21:00:00,DCNN,8491,12,1,AWSDLY,1272,1011,14.2,8.1,NA,NA,6,6,NA,NA,NA,NA,NA,NA,2018-02-19 21:03:00,0
2018-02-20 09:00:00,DCNN,8491,12,1,AWSDLY,1272,1011,10.1,6.1,1.6,NA,6,6,6,NA,NA,NA,NA,NA,2018-02-20 09:02:00,0
2018-02-20 21:00:00,DCNN,8491,12,1,AWSDLY,1272,1011,11.3,5.8,NA,NA,6,6,NA,NA,NA,NA,NA,NA,2018-02-20 21:03:00,0
2018-02-21 09:00:00,DCNN,8491,12,1,AWSDLY,1272,1011,6.6,3.3,-0.3,NA,6,6,6,NA,NA,NA,NA,NA,2018-02-21 09:01:00,0
2018-02-21 21:00:00,DCNN,8491,12,1,AWSDLY,1272,1011,8.2,2,NA,NA,6,6,NA,NA,NA,NA,NA,NA,2018-02-21 21:01:00,0
2018-02-22 09:00:00,DCNN,8491,12,1,AWSDLY,1272,1011,4.7,2.7,-2.2,NA,6,1006,6,NA,NA,NA,NA,NA,2018-02-22 09:01:00,0
2018-02-22 21:00:00,DCNN,8491,12,1,AWSDLY,1272,1011,6.5,1.3,NA,NA,6,6,NA,NA,NA,NA,NA,NA,2018-02-22 21:01:00,0
2018-02-23 09:00:00,DCNN,8491,12,1,AWSDLY,1272,1011,1.3,-1.2,-4.1,NA,6,6,6,NA,NA,NA,NA,NA,2018-02-23 09:02:00,0
2018-02-23 21:00:00,DCNN,8491,12,1,AWSDLY,1272,1011,5.5,0.9,NA,NA,6,6,NA,NA,NA,NA,NA,NA,2018-02-23 21:01:00,0
2018-02-24 09:00:00,DCNN,8491,12,1,AWSDLY,1272,1011,1.7,-1.1,-3.8,NA,6,6,6,NA,NA,NA,NA,NA,2018-02-24 09:01:00,0
2018-02-24 21:00:00,DCNN,8491,12,1,AWSDLY,1272,1011,5.9,0.8,NA,NA,6,6,NA,NA,NA,NA,NA,NA,2018-02-24 21:01:00,0
2018-02-25 09:00:00,DCNN,8491,12,1,AWSDLY,1272,1011,2.7,-0.6,-2.5,NA,1006,6,6,NA,NA,NA,NA,NA,2018-02-25 09:01:00,0
2018-02-25 21:00:00,DCNN,8491,12,1,AWSDLY,1272,1011,5.8,0.7,NA,NA,6,1006,NA,NA,NA,NA,NA,NA,2018-02-25 21:02:00,0
2018-02-26 09:00:00,DCNN,8491,12,1,AWSDLY,1272,1011,1.9,-2,-4.2,NA,6,6,6,NA,NA,NA,NA,NA,2018-02-26 09:02:00,0
2018-02-26 21:00:00,DCNN,8491,12,1,AWSDLY,1272,1011,3.6,-0.9,NA,NA,6,6,NA,NA,NA,NA,NA,NA,2018-02-26 21:01:00,0
2018-02-27 09:00:00,DCNN,8491,12,1,AWSDLY,1272,1011,-0.5,-2.4,-5.5,NA,6,6,6,NA,NA,NA,NA,NA,2018-02-27 09:04:00,0
2018-02-27 21:00:00,DCNN,8491,12,1,AWSDLY,1272,1011,2.4,-1.9,NA,NA,6,6,NA,NA,NA,NA,NA,NA,2018-02-27 21:01:00,0
2018-02-28 09:00:00,DCNN,8491,12,1,AWSDLY,1272,1011,-1.9,-3.3,-5.5,NA,6,6,6,NA,NA,NA,NA,NA,2018-02-28 09:03:00,0
2018-02-28 21:00:00,DCNN,8491,12,1,AWSDLY,1272,1011,0.8,-4.3,NA,NA,6,6,NA,NA,NA,NA,NA,NA,2018-02-28 21:00:00,0
2018-03-01 09:00:00,DCNN,8491,12,1,AWSDLY,1272,1011,-4.2,-5.4,-6.5,NA,6,6,6,NA,NA,NA,NA,NA,2018-03-01 09:01:00,0
2018-03-01 21:00:00,DCNN,8491,12,1,AWSDLY,1272,1011,-2.7,-4.6,NA,NA,6,6,NA,NA,NA,NA,NA,NA,2018-03-01 21:01:00,0
2018-03-02 09:00:00,DCNN,8491,12,1,AWSDLY,1272,1011,-1.5,-2.7,-3,NA,6,6,6,NA,NA,NA,NA,NA,2018-03-02 09:01:00,0
2018-03-02 21:00:00,DCNN,8491,12,1,AWSDLY,1272,1011,-1.2,-1.7,NA,NA,6,6,NA,NA,NA,NA,NA,NA,2018-03-02 21:01:00,0
2018-03-03 09:00:00,DCNN,8491,12,1,AWSDLY,1272,1011,1.3,-1.4,NA,NA,6,6,NA,NA,NA,NA,NA,NA,2018-03-03 09:02:00,0
2018-03-03 21:00:00,DCNN,8491,12,1,AWSDLY,1272,1011,3.3,1.3,NA,NA,6,6,NA,NA,NA,NA,NA,NA,2018-03-03 21:01:00,0
2018-03-04 09:00:00,DCNN,8491,12,1,AWSDLY,1272,1011,4.6,1.2,0.1,NA,6,6,6,NA,NA,NA,NA,NA,2018-03-04 09:01:00,0
2018-03-04 21:00:00,DCNN,8491,12,1,AWSDLY,1272,1011,10.2,4.6,NA,NA,6,6,NA,NA,NA,NA,NA,NA,2018-03-04 21:00:00,0
2018-03-05 09:00:00,DCNN,8491,12,1,AWSDLY,1272,1011,6.2,1.5,-0.7,NA,6,6,6,NA,NA,NA,NA,NA,2018-03-05 09:00:00,0
2018-03-05 21:00:00,DCNN,8491,12,1,AWSDLY,1272,1011,9.6,5.4,NA,NA,6,6,NA,NA,NA,NA,NA,NA,2018-03-05 21:01:00,0
2018-03-06 09:00:00,DCNN,8491,12,1,AWSDLY,1272,1011,5.4,2.5,-1.2,NA,6,6,6,NA,NA,NA,NA,NA,2018-03-06 09:01:00,0
2018-03-06 21:00:00,DCNN,8491,12,1,AWSDLY,1272,1011,9.2,3.3,NA,NA,6,6,NA,NA,NA,NA,NA,NA,2018-03-06 21:04:00,0
2018-03-07 09:00:00,DCNN,8491,12,1,AWSDLY,1272,1011,4.5,0.5,-3.1,NA,6,6,6,NA,NA,NA,NA,NA,2018-03-07 09:03:00,0
2018-03-07 21:00:00,DCNN,8491,12,1,AWSDLY,1272,1011,10.4,3.7,NA,NA,6,6,NA,NA,NA,NA,NA,NA,2018-03-07 20:59:00,0
2018-03-08 09:00:00,DCNN,8491,12,1,AWSDLY,1272,1011,5.4,3.6,1.5,NA,6,6,6,NA,NA,NA,NA,NA,2018-03-08 09:01:00,0
2018-03-08 21:00:00,DCNN,8491,12,1,AWSDLY,1272,1011,10.3,5.3,NA,NA,6,1006,NA,NA,NA,NA,NA,NA,2018-03-08 21:01:00,0
2018-03-09 09:00:00,DCNN,8491,12,1,AWSDLY,1272,1011,6.5,1.6,-2.5,NA,6,6,6,NA,NA,NA,NA,NA,2018-03-09 09:01:00,0
2018-03-09 21:00:00,DCNN,8491,12,1,AWSDLY,1272,1011,8.4,5.2,NA,NA,6,6,NA,NA,NA,NA,NA,NA,2018-03-09 21:02:00,0
2018-03-10 09:00:00,DCNN,8491,12,1,AWSDLY,1272,1011,10.1,8.3,7.3,NA,6,6,6,NA,NA,NA,NA,NA,2018-03-10 09:01:00,0
2018-03-10 21:00:00,DCNN,8491,12,1,AWSDLY,1272,1011,13.7,6.5,NA,NA,6,6,NA,NA,NA,NA,NA,NA,2018-03-10 21:01:00,0
2018-03-11 09:00:00,DCNN,8491,12,1,AWSDLY,1272,1011,8.1,4,-0.2,NA,6,6,6,NA,NA,NA,NA,NA,2018-03-11 09:01:00,0
2018-03-11 21:00:00,DCNN,8491,12,1,AWSDLY,1272,1011,12.3,8.1,NA,NA,6,6,NA,NA,NA,NA,NA,NA,2018-03-11 21:00:00,0
2018-03-12 09:00:00,DCNN,8491,12,1,AWSDLY,1272,1011,9.6,8,7.7,NA,6,6,6,NA,NA,NA,NA,NA,2018-03-12 09:00:00,0
2018-03-12 21:00:00,DCNN,8491,12,1,AWSDLY,1272,1011,11.3,7.7,NA,NA,6,6,NA,NA,NA,NA,NA,NA,2018-03-12 21:01:00,0
2018-03-13 09:00:00,DCNN,8491,12,1,AWSDLY,1272,1011,9.1,4.8,1.3,NA,6,6,6,NA,NA,NA,NA,NA,2018-03-13 09:01:00,0
2018-03-13 21:00:00,DCNN,8491,12,1,AWSDLY,1272,1011,12.3,4.9,NA,NA,6,6,NA,NA,NA,NA,NA,NA,2018-03-13 21:01:00,0
2018-03-14 09:00:00,DCNN,8491,12,1,AWSDLY,1272,1011,8.3,4.3,-1.2,NA,6,6,6,NA,NA,NA,NA,NA,2018-03-14 09:00:00,0
2018-03-14 21:00:00,DCNN,8491,12,1,AWSDLY,1272,1011,11.8,8.2,NA,NA,6,6,NA,NA,NA,NA,NA,NA,2018-03-14 20:59:00,0
2018-03-15 09:00:00,DCNN,8491,12,1,AWSDLY,1272,1011,9.2,7.4,7.2,NA,6,6,6,NA,NA,NA,NA,NA,2018-03-15 09:00:00,0
2018-03-15 21:00:00,DCNN,8491,12,1,AWSDLY,1272,1011,13.6,9,NA,NA,6,6,NA,NA,NA,NA,NA,NA,2018-03-15 21:01:00,0
2018-03-16 09:00:00,DCNN,8491,12,1,AWSDLY,1272,1011,10.1,7,5.9,NA,6,6,6,NA,NA,NA,NA,NA,2018-03-16 09:01:00,0
2018-03-16 21:00:00,DCNN,8491,12,1,AWSDLY,1272,1011,12.7,7.6,NA,NA,6,6,NA,NA,NA,NA,NA,NA,2018-03-16 21:01:00,0
2018-03-17 09:00:00,DCNN,8491,12,1,AWSDLY,1272,1011,7.7,1.5,0.9,NA,6,6,6,NA,NA,NA,NA,NA,2018-03-17 08:59:00,0
2018-03-17 21:00:00,DCNN,8491,12,1,AWSDLY,1272,1011,3,-0.6,NA,NA,6,6,NA,NA,NA,NA,NA,NA,2018-03-17 21:00:00,0
2018-03-18 09:00:00,DCNN,8491,12,1,AWSDLY,1272,1011,-0.5,-2.2,-1.9,NA,6,6,6,NA,NA,NA,NA,NA,2018-03-18 09:01:00,0
2018-03-18 21:00:00,DCNN,8491,12,1,AWSDLY,1272,1011,-0.1,-1.6,NA,NA,6,6,NA,NA,NA,NA,NA,NA,2018-03-18 21:01:00,0
2018-03-19 09:00:00,DCNN,8491,12,1,AWSDLY,1272,1011,0.4,-1.5,-3.1,NA,6,6,6,NA,NA,NA,NA,NA,2018-03-19 09:02:00,0
2018-03-19 21:00:00,DCNN,8491,12,1,AWSDLY,1272,1011,5.1,0.4,NA,NA,6,6,NA,NA,NA,NA,NA,NA,2018-03-19 21:01:00,0
2018-03-20 09:00:00,DCNN,8491,12,1,AWSDLY,1272,1011,5.2,0.8,-3.4,NA,6,6,6,NA,NA,NA,NA,NA,2018-03-20 09:01:00,0
2018-03-20 21:00:00,DCNN,8491,12,1,AWSDLY,1272,1011,8.7,4.2,NA,NA,6,6,NA,NA,NA,NA,NA,NA,2018-03-20 21:01:00,0
2018-03-21 09:00:00,DCNN,8491,12,1,AWSDLY,1272,1011,5,-2.4,-6.7,NA,6,6,6,NA,NA,NA,NA,NA,2018-03-21 09:02:00,0
2018-03-21 21:00:00,DCNN,8491,12,1,AWSDLY,1272,1011,9.9,4.7,NA,NA,6,6,NA,NA,NA,NA,NA,NA,2018-03-21 21:01:00,0
2018-03-22 09:00:00,DCNN,8491,12,1,AWSDLY,1272,1011,8.1,4.5,1.3,NA,6,6,6,NA,NA,NA,NA,NA,2018-03-22 09:00:00,0
2018-03-22 21:00:00,DCNN,8491,12,1,AWSDLY,1272,1011,9.2,7,NA,NA,6,6,NA,NA,NA,NA,NA,NA,2018-03-22 21:00:00,0
2018-03-23 09:00:00,DCNN,8491,12,1,AWSDLY,1272,1011,8.4,6.5,5,NA,6,6,6,NA,NA,NA,NA,NA,2018-03-23 09:01:00,0
2018-03-23 21:00:00,DCNN,8491,12,1,AWSDLY,1272,1011,11.4,7.1,NA,NA,6,6,NA,NA,NA,NA,NA,NA,2018-03-23 21:01:00,0
2018-03-24 09:00:00,DCNN,8491,12,1,AWSDLY,1272,1011,7.2,5.5,5,NA,6,6,6,NA,NA,NA,NA,NA,2018-03-24 09:00:00,0
2018-03-24 21:00:00,DCNN,8491,12,1,AWSDLY,1272,1011,10.4,6.3,NA,NA,6,6,NA,NA,NA,NA,NA,NA,2018-03-24 21:04:00,0
2018-03-25 09:00:00,DCNN,8491,12,1,AWSDLY,1272,1011,9.1,5.4,4.3,NA,6,6,6,NA,NA,NA,NA,NA,2018-03-25 09:01:00,0
2018-03-25 21:00:00,DCNN,8491,12,1,AWSDLY,1272,1011,13.8,6.7,NA,NA,6,6,NA,NA,NA,NA,NA,NA,2018-03-25 21:02:00,0
2018-03-26 09:00:00,DCNN,8491,12,1,AWSDLY,1272,1011,7,0.1,-4.6,NA,6,6,6,NA,NA,NA,NA,NA,2018-03-26 09:02:00,0
2018-03-26 21:00:00,DCNN,8491,12,1,AWSDLY,1272,1011,12.8,7,NA,NA,6,6,NA,NA,NA,NA,NA,NA,2018-03-26 21:01:00,0
2018-03-27 09:00:00,DCNN,8491,12,1,AWSDLY,1272,1011,9.1,6.3,6,NA,6,6,6,NA,NA,NA,NA,NA,2018-03-27 09:01:00,0
2018-03-27 21:00:00,DCNN,8491,12,1,AWSDLY,1272,1011,13.7,7.1,NA,NA,6,6,NA,NA,NA,NA,NA,NA,2018-03-27 21:02:00,0
2018-03-28 09:00:00,DCNN,8491,12,1,AWSDLY,1272,1011,7.1,5,3.1,NA,6,6,6,NA,NA,NA,NA,NA,2018-03-28 09:01:00,0
2018-03-28 21:00:00,DCNN,8491,12,1,AWSDLY,1272,1011,10.2,5,NA,NA,6,6,NA,NA,NA,NA,NA,NA,2018-03-28 21:01:00,0
2018-03-29 09:00:00,DCNN,8491,12,1,AWSDLY,1272,1011,6.4,3.9,0.9,NA,6,6,6,NA,NA,NA,NA,NA,2018-03-29 09:02:00,0
2018-03-29 21:00:00,DCNN,8491,12,1,AWSDLY,1272,1011,7.5,4.8,NA,NA,6,6,NA,NA,NA,NA,NA,NA,2018-03-29 21:01:00,0
2018-03-30 09:00:00,DCNN,8491,12,1,AWSDLY,1272,1011,5,0.1,-3.8,NA,6,6,6,NA,NA,NA,NA,NA,2018-03-30 09:00:00,0
2018-03-30 21:00:00,DCNN,8491,12,1,AWSDLY,1272,1011,6,4.2,NA,NA,6,6,NA,NA,NA,NA,NA,NA,2018-03-30 20:59:00,0
2018-03-31 09:00:00,DCNN,8491,12,1,AWSDLY,1272,1011,5.5,4.3,3.9,NA,6,6,6,NA,NA,NA,NA,NA,2018-03-31 09:01:00,0
2018-03-31 21:00:00,DCNN,8491,12,1,AWSDLY,1272,1011,8.6,5.5,NA,NA,6,6,NA,NA,NA,NA,NA,NA,2018-03-31 20:59:00,0
2018-04-01 09:00:00,DCNN,8491,12,1,AWSDLY,1272,1011,6.6,2.4,-1.6,NA,6,6,6,NA,NA,NA,NA,NA,2018-04-01 09:00:00,0
2018-04-01 21:00:00,DCNN,8491,12,1,AWSDLY,1272,1011,8.4,3.3,NA,NA,6,6,NA,NA,NA,NA,NA,NA,2018-04-01 21:01:00,0
2018-04-02 09:00:00,DCNN,8491,12,1,AWSDLY,1272,1011,8.5,2.7,2.4,NA,6,6,6,NA,NA,NA,NA,NA,2018-04-02 09:01:00,0
2018-04-02 21:00:00,DCNN,8491,12,1,AWSDLY,1272,1011,13.2,8.5,NA,NA,6,6,NA,NA,NA,NA,NA,NA,2018-04-02 21:00:00,0
2018-04-03 09:00:00,DCNN,8491,12,1,AWSDLY,1272,1011,12.2,8.8,5.8,NA,6,6,6,NA,NA,NA,NA,NA,2018-04-03 09:07:00,0
2018-04-03 21:00:00,DCNN,8491,12,1,AWSDLY,1272,1011,15.7,9,NA,NA,6,6,NA,NA,NA,NA,NA,NA,2018-04-03 21:01:00,0
2018-04-04 09:00:00,DCNN,8491,12,1,AWSDLY,1272,1011,9.7,8.2,6.4,NA,6,6,6,NA,NA,NA,NA,NA,2018-04-04 09:01:00,0
2018-04-04 21:00:00,DCNN,8491,12,1,AWSDLY,1272,1011,13.1,5.6,NA,NA,6,6,NA,NA,NA,NA,NA,NA,2018-04-04 21:03:00,0
2018-04-05 09:00:00,DCNN,8491,12,1,AWSDLY,1272,1011,7.3,1.2,-3.4,NA,6,6,6,NA,NA,NA,NA,NA,2018-04-05 09:03:00,0
2018-04-05 21:00:00,DCNN,8491,12,1,AWSDLY,1272,1011,10.6,6.7,NA,NA,6,6,NA,NA,NA,NA,NA,NA,2018-04-05 21:00:00,0
2018-04-06 09:00:00,DCNN,8491,12,1,AWSDLY,1272,1011,9.4,6.2,4.8,NA,6,6,6,NA,NA,NA,NA,NA,2018-04-06 09:02:00,0
2018-04-06 21:00:00,DCNN,8491,12,1,AWSDLY,1272,1011,14.5,9.4,NA,NA,6,6,NA,NA,NA,NA,NA,NA,2018-04-06 21:01:00,0
2018-04-07 09:00:00,DCNN,8491,12,1,AWSDLY,1272,1011,10.4,7.8,5.2,NA,6,6,6,NA,NA,NA,NA,NA,2018-04-07 08:59:00,0
2018-04-07 21:00:00,DCNN,8491,12,1,AWSDLY,1272,1011,13.3,8.4,NA,NA,6,6,NA,NA,NA,NA,NA,NA,2018-04-07 21:03:00,0
2018-04-08 09:00:00,DCNN,8491,12,1,AWSDLY,1272,1011,8.4,3.8,-0.2,NA,6,6,6,NA,NA,NA,NA,NA,2018-04-08 09:01:00,0
2018-04-08 21:00:00,DCNN,8491,12,1,AWSDLY,1272,1011,12.9,7,NA,NA,6,6,NA,NA,NA,NA,NA,NA,2018-04-08 21:02:00,0
2018-04-09 09:00:00,DCNN,8491,12,1,AWSDLY,1272,1011,10.4,3.4,-1.3,NA,6,6,6,NA,NA,NA,NA,NA,2018-04-09 09:00:00,0
2018-04-09 21:00:00,DCNN,8491,12,1,AWSDLY,1272,1011,11.9,9,NA,NA,6,6,NA,NA,NA,NA,NA,NA,2018-04-09 21:00:00,0
2018-04-10 09:00:00,DCNN,8491,12,1,AWSDLY,1272,1011,10.3,9.3,9,NA,6,6,6,NA,NA,NA,NA,NA,2018-04-10 09:00:00,0
2018-04-10 21:00:00,DCNN,8491,12,1,AWSDLY,1272,1011,10.9,8.8,NA,NA,6,6,NA,NA,NA,NA,NA,NA,2018-04-10 21:01:00,0
2018-04-11 09:00:00,DCNN,8491,12,1,AWSDLY,1272,1011,10.2,9.4,8.7,NA,6,6,6,NA,NA,NA,NA,NA,2018-04-11 09:01:00,0
2018-04-11 21:00:00,DCNN,8491,12,1,AWSDLY,1272,1011,9.6,7.7,NA,NA,6,6,NA,NA,NA,NA,NA,NA,2018-04-11 21:00:00,0
2018-04-12 09:00:00,DCNN,8491,12,1,AWSDLY,1272,1011,8,7.2,7.7,NA,6,6,6,NA,NA,NA,NA,NA,2018-04-12 09:02:00,0
2018-04-12 21:00:00,DCNN,8491,12,1,AWSDLY,1272,1011,9.4,7.4,NA,NA,6,6,NA,NA,NA,NA,NA,NA,2018-04-12 21:02:00,0
2018-04-13 09:00:00,DCNN,8491,12,1,AWSDLY,1272,1011,8.2,7.2,7.1,NA,6,6,6,NA,NA,NA,NA,NA,2018-04-13 09:02:00,0
2018-04-13 21:00:00,DCNN,8491,12,1,AWSDLY,1272,1011,12.2,8,NA,NA,6,6,NA,NA,NA,NA,NA,NA,2018-04-13 21:02:00,0
2018-04-14 09:00:00,DCNN,8491,12,1,AWSDLY,1272,1011,9.9,7.6,3.4,NA,1006,6,6,NA,NA,NA,NA,NA,2018-04-14 09:01:00,0
2018-04-14 21:00:00,DCNN,8491,12,1,AWSDLY,1272,1011,15.9,7.8,NA,NA,6,6,NA,NA,NA,NA,NA,NA,2018-04-14 21:03:00,0
2018-04-15 09:00:00,DCNN,8491,12,1,AWSDLY,1272,1011,12.1,9.3,6.9,NA,6,6,6,NA,NA,NA,NA,NA,2018-04-15 09:01:00,0
2018-04-15 21:00:00,DCNN,8491,12,1,AWSDLY,1272,1011,12.2,9.9,NA,NA,6,6,NA,NA,NA,NA,NA,NA,2018-04-15 21:01:00,0
2018-04-16 09:00:00,DCNN,8491,12,1,AWSDLY,1272,1011,11,7.9,5.6,NA,6,6,6,NA,NA,NA,NA,NA,2018-04-16 09:01:00,0
2018-04-16 21:00:00,DCNN,8491,12,1,AWSDLY,1272,1011,14.8,10.6,NA,NA,6,6,NA,NA,NA,NA,NA,NA,2018-04-16 21:03:00,0
2018-04-17 09:00:00,DCNN,8491,12,1,AWSDLY,1272,1011,12.1,10.6,9.5,NA,6,6,6,NA,NA,NA,NA,NA,2018-04-17 09:00:00,0
2018-04-17 21:00:00,DCNN,8491,12,1,AWSDLY,1272,1011,13.5,12,NA,NA,6,6,NA,NA,NA,NA,NA,NA,2018-04-17 21:00:00,0
2018-04-18 09:00:00,DCNN,8491,12,1,AWSDLY,1272,1011,15.4,12.1,10.4,NA,6,6,6,NA,NA,NA,NA,NA,2018-04-18 09:02:00,0
2018-04-18 21:00:00,DCNN,8491,12,1,AWSDLY,1272,1011,21.8,14.8,NA,NA,6,6,NA,NA,NA,NA,NA,NA,2018-04-18 21:00:00,0
2018-04-19 09:00:00,DCNN,8491,12,1,AWSDLY,1272,1011,18,7.7,2.3,NA,6,6,6,NA,NA,NA,NA,NA,2018-04-19 09:00:00,0
2018-04-19 21:00:00,DCNN,8491,12,1,AWSDLY,1272,1011,23.1,11.4,NA,NA,6,6,NA,NA,NA,NA,NA,NA,2018-04-19 21:01:00,0
2018-04-20 09:00:00,DCNN,8491,12,1,AWSDLY,1272,1011,13,9.3,8.9,NA,6,6,6,NA,NA,NA,NA,NA,2018-04-20 08:59:00,0
2018-04-20 21:00:00,DCNN,8491,12,1,AWSDLY,1272,1011,20.7,11.9,NA,NA,6,6,NA,NA,NA,NA,NA,NA,2018-04-20 21:03:00,0
2018-04-21 09:00:00,DCNN,8491,12,1,AWSDLY,1272,1011,15.4,8.9,4.1,NA,6,6,6,NA,NA,NA,NA,NA,2018-04-21 09:01:00,0
2018-04-21 21:00:00,DCNN,8491,12,1,AWSDLY,1272,1011,22.9,15.1,NA,NA,6,6,NA,NA,NA,NA,NA,NA,2018-04-21 21:00:00,0
2018-04-22 09:00:00,DCNN,8491,12,1,AWSDLY,1272,1011,16.4,9.9,4.4,NA,6,6,6,NA,NA,NA,NA,NA,2018-04-22 09:01:00,0
2018-04-22 21:00:00,DCNN,8491,12,1,AWSDLY,1272,1011,16.7,9.7,NA,NA,6,6,NA,NA,NA,NA,NA,NA,2018-04-22 21:00:00,0
2018-04-23 09:00:00,DCNN,8491,12,1,AWSDLY,1272,1011,11.6,8.9,6.1,NA,6,6,6,NA,NA,NA,NA,NA,2018-04-23 09:03:00,0
2018-04-23 21:00:00,DCNN,8491,12,1,AWSDLY,1272,1011,14.7,9.8,NA,NA,6,6,NA,NA,NA,NA,NA,NA,2018-04-23 21:01:00,0
2018-04-24 09:00:00,DCNN,8491,12,1,AWSDLY,1272,1011,11.7,10,9.2,NA,6,6,6,NA,NA,NA,NA,NA,2018-04-24 08:59:00,0
2018-04-24 21:00:00,DCNN,8491,12,1,AWSDLY,1272,1011,13.7,9.4,NA,NA,6,6,NA,NA,NA,NA,NA,NA,2018-04-24 21:01:00,0
2018-04-25 09:00:00,DCNN,8491,12,1,AWSDLY,1272,1011,11.4,7.3,2.4,NA,6,6,6,NA,NA,NA,NA,NA,2018-04-25 09:01:00,0
2018-04-25 21:00:00,DCNN,8491,12,1,AWSDLY,1272,1011,13.7,9.1,NA,NA,6,6,NA,NA,NA,NA,NA,NA,2018-04-25 21:01:00,0
2018-04-26 09:00:00,DCNN,8491,12,1,AWSDLY,1272,1011,11.1,7.6,4.2,NA,6,6,6,NA,NA,NA,NA,NA,2018-04-26 09:00:00,0
2018-04-26 21:00:00,DCNN,8491,12,1,AWSDLY,1272,1011,13.7,8.5,NA,NA,6,6,NA,NA,NA,NA,NA,NA,2018-04-26 21:01:00,0
2018-04-27 09:00:00,DCNN,8491,12,1,AWSDLY,1272,1011,8.6,6.9,4.8,NA,6,6,6,NA,NA,NA,NA,NA,2018-04-27 09:00:00,0
2018-04-27 21:00:00,DCNN,8491,12,1,AWSDLY,1272,1011,9.4,6.8,NA,NA,6,6,NA,NA,NA,NA,NA,NA,2018-04-27 21:01:00,0
2018-04-28 09:00:00,DCNN,8491,12,1,AWSDLY,1272,1011,8.9,7.3,6.6,NA,6,6,6,NA,NA,NA,NA,NA,2018-04-28 09:01:00,0
2018-04-28 21:00:00,DCNN,8491,12,1,AWSDLY,1272,1011,11.1,7.5,NA,NA,6,6,NA,NA,NA,NA,NA,NA,2018-04-28 21:00:00,0
2018-04-29 09:00:00,DCNN,8491,12,1,AWSDLY,1272,1011,8.4,5.6,-0.4,NA,6,6,6,NA,NA,NA,NA,NA,2018-04-29 09:00:00,0
2018-04-29 21:00:00,DCNN,8491,12,1,AWSDLY,1272,1011,9.9,7.7,NA,NA,6,6,NA,NA,NA,NA,NA,NA,2018-04-29 21:00:00,0
2018-04-30 09:00:00,DCNN,8491,12,1,AWSDLY,1272,1011,8.6,4.2,1.1,NA,1006,6,6,NA,NA,NA,NA,NA,2018-04-30 09:06:00,0
2018-04-30 21:00:00,DCNN,8491,12,1,AWSDLY,1272,1011,13.8,7.2,NA,NA,6,6,NA,NA,NA,NA,NA,NA,2018-04-30 21:35:00,0
2018-05-01 09:00:00,DCNN,8491,12,1,AWSDLY,1272,1011,11.6,1.4,-4.3,NA,6,6,6,NA,NA,NA,NA,NA,2018-05-01 09:00:00,0
2018-05-01 21:00:00,DCNN,8491,12,1,AWSDLY,1272,1011,14.5,8.7,NA,NA,6,6,NA,NA,NA,NA,NA,NA,2018-05-01 21:03:00,0
2018-05-02 09:00:00,DCNN,8491,12,1,AWSDLY,1272,1011,11.1,8.3,7.6,NA,6,6,6,NA,NA,NA,NA,NA,2018-05-02 08:59:00,0
2018-05-02 21:00:00,DCNN,8491,12,1,AWSDLY,1272,1011,14.3,8.3,NA,NA,6,6,NA,NA,NA,NA,NA,NA,2018-05-02 21:00:00,0
2018-05-03 09:00:00,DCNN,8491,12,1,AWSDLY,1272,1011,12.4,5.2,-0.4,NA,6,6,6,NA,NA,NA,NA,NA,2018-05-03 09:02:00,0
2018-05-03 21:00:00,DCNN,8491,12,1,AWSDLY,1272,1011,15.4,10.6,NA,NA,6,6,NA,NA,NA,NA,NA,NA,2018-05-03 21:01:00,0
2018-05-04 09:00:00,DCNN,8491,12,1,AWSDLY,1272,1011,13,10,8.1,NA,6,6,6,NA,NA,NA,NA,NA,2018-05-04 09:02:00,0
2018-05-04 21:00:00,DCNN,8491,12,1,AWSDLY,1272,1011,16,12.7,NA,NA,6,6,NA,NA,NA,NA,NA,NA,2018-05-04 21:01:00,0
2018-05-05 09:00:00,DCNN,8491,12,1,AWSDLY,1272,1011,16,6.4,1.1,NA,6,6,6,NA,NA,NA,NA,NA,2018-05-05 09:00:00,0
2018-05-05 21:00:00,DCNN,8491,12,1,AWSDLY,1272,1011,21.8,13.4,NA,NA,6,6,NA,NA,NA,NA,NA,NA,2018-05-05 21:01:00,0
2018-05-06 09:00:00,DCNN,8491,12,1,AWSDLY,1272,1011,15.7,7.2,2.5,NA,6,6,6,NA,NA,NA,NA,NA,2018-05-06 09:01:00,0
2018-05-06 21:00:00,DCNN,8491,12,1,AWSDLY,1272,1011,23.2,14,NA,NA,6,6,NA,NA,NA,NA,NA,NA,2018-05-06 21:00:00,0
2018-05-07 09:00:00,DCNN,8491,12,1,AWSDLY,1272,1011,19.5,8.4,3.8,NA,6,6,6,NA,NA,NA,NA,NA,2018-05-07 09:01:00,0
2018-05-07 21:00:00,DCNN,8491,12,1,AWSDLY,1272,1011,25.5,13.1,NA,NA,6,6,NA,NA,NA,NA,NA,NA,2018-05-07 21:01:00,0
2018-05-08 09:00:00,DCNN,8491,12,1,AWSDLY,1272,1011,13.1,9.5,8.4,NA,6,6,6,NA,NA,NA,NA,NA,2018-05-08 09:00:00,0
2018-05-08 21:00:00,DCNN,8491,12,1,AWSDLY,1272,1011,15.6,10.2,NA,NA,6,6,NA,NA,NA,NA,NA,NA,2018-05-08 21:01:00,0
2018-05-09 09:00:00,DCNN,8491,12,1,AWSDLY,1272,1011,14.6,7.7,4.1,NA,6,6,6,NA,NA,NA,NA,NA,2018-05-09 09:01:00,0
2018-05-09 21:00:00,DCNN,8491,12,1,AWSDLY,1272,1011,15.6,11.1,NA,NA,6,6,NA,NA,NA,NA,NA,NA,2018-05-09 21:02:00,0
2018-05-10 09:00:00,DCNN,8491,12,1,AWSDLY,1272,1011,12.4,5.1,1.4,NA,6,6,6,NA,NA,NA,NA,NA,2018-05-10 09:01:00,0
2018-05-10 21:00:00,DCNN,8491,12,1,AWSDLY,1272,1011,15.1,7.7,NA,NA,6,6,NA,NA,NA,NA,NA,NA,2018-05-10 21:01:00,0
2018-05-11 09:00:00,DCNN,8491,12,1,AWSDLY,1272,1011,12.1,5.3,1.8,NA,6,6,6,NA,NA,NA,NA,NA,2018-05-11 09:01:00,0
2018-05-11 21:00:00,DCNN,8491,12,1,AWSDLY,1272,1011,14,9.1,NA,NA,6,6,NA,NA,NA,NA,NA,NA,2018-05-11 21:01:00,0
2018-05-12 09:00:00,DCNN,8491,12,1,AWSDLY,1272,1011,10.1,3.6,0.1,NA,6,6,6,NA,NA,NA,NA,NA,2018-05-12 09:02:00,0
2018-05-12 21:00:00,DCNN,8491,12,1,AWSDLY,1272,1011,14.7,9.7,NA,NA,6,6,NA,NA,NA,NA,NA,NA,2018-05-12 21:01:00,0
2018-05-13 09:00:00,DCNN,8491,12,1,AWSDLY,1272,1011,14.2,4.2,0.6,NA,6,6,6,NA,NA,NA,NA,NA,2018-05-13 09:01:00,0
2018-05-13 21:00:00,DCNN,8491,12,1,AWSDLY,1272,1011,17,9.9,NA,NA,6,6,NA,NA,NA,NA,NA,NA,2018-05-13 21:01:00,0
2018-05-14 09:00:00,DCNN,8491,12,1,AWSDLY,1272,1011,14.5,3.8,0.3,NA,6,6,6,NA,NA,NA,NA,NA,2018-05-14 09:06:00,0
2018-05-14 21:00:00,DCNN,8491,12,1,AWSDLY,1272,1011,19.4,11.1,NA,NA,6,6,NA,NA,NA,NA,NA,NA,2018-05-14 21:01:00,0
2018-05-15 09:00:00,DCNN,8491,12,1,AWSDLY,1272,1011,14.9,6.6,2.8,NA,6,6,6,NA,NA,NA,NA,NA,2018-05-15 09:01:00,0
2018-05-15 21:00:00,DCNN,8491,12,1,AWSDLY,1272,1011,20.9,14.7,NA,NA,6,1006,NA,NA,NA,NA,NA,NA,2018-05-15 21:04:00,0
2018-05-16 09:00:00,DCNN,8491,12,1,AWSDLY,1272,1011,17.4,13.1,11.4,NA,6,6,6,NA,NA,NA,NA,NA,2018-05-16 09:02:00,0
2018-05-16 21:00:00,DCNN,8491,12,1,AWSDLY,1272,1011,16,12.4,NA,NA,6,6,NA,NA,NA,NA,NA,NA,2018-05-16 21:01:00,0
2018-05-17 09:00:00,DCNN,8491,12,1,AWSDLY,1272,1011,12.5,7.6,6.6,NA,6,6,6,NA,NA,NA,NA,NA,2018-05-17 09:08:00,0
2018-05-17 21:00:00,DCNN,8491,12,1,AWSDLY,1272,1011,18.1,11.5,NA,NA,6,6,NA,NA,NA,NA,NA,NA,2018-05-17 21:01:00,0
2018-05-18 09:00:00,DCNN,8491,12,1,AWSDLY,1272,1011,13.5,7.2,3.8,NA,6,6,6,NA,NA,NA,NA,NA,2018-05-18 09:02:00,0
2018-05-18 21:00:00,DCNN,8491,12,1,AWSDLY,1272,1011,18.4,12.3,NA,NA,6,6,NA,NA,NA,NA,NA,NA,2018-05-18 21:02:00,0
2018-05-19 09:00:00,DCNN,8491,12,1,AWSDLY,1272,1011,16.1,6.2,3,NA,6,6,6,NA,NA,NA,NA,NA,2018-05-19 09:02:00,0
2018-05-19 21:00:00,DCNN,8491,12,1,AWSDLY,1272,1011,21.4,14.4,NA,NA,6,6,NA,NA,NA,NA,NA,NA,2018-05-19 21:03:00,0
2018-05-20 09:00:00,DCNN,8491,12,1,AWSDLY,1272,1011,16.5,6.9,3.3,NA,6,6,6,NA,NA,NA,NA,NA,2018-05-20 09:02:00,0
2018-05-20 21:00:00,DCNN,8491,12,1,AWSDLY,1272,1011,22.3,15.6,NA,NA,6,6,NA,NA,NA,NA,NA,NA,2018-05-20 21:01:00,0
2018-05-21 09:00:00,DCNN,8491,12,1,AWSDLY,1272,1011,17.8,8.3,5,NA,6,6,6,NA,NA,NA,NA,NA,2018-05-21 09:01:00,0
2018-05-21 21:00:00,DCNN,8491,12,1,AWSDLY,1272,1011,23.6,16.5,NA,NA,6,6,NA,NA,NA,NA,NA,NA,2018-05-21 21:02:00,0
2018-05-22 09:00:00,DCNN,8491,12,1,AWSDLY,1272,1011,18.8,11.9,8.8,NA,6,6,6,NA,NA,NA,NA,NA,2018-05-22 09:00:00,0
2018-05-22 21:00:00,DCNN,8491,12,1,AWSDLY,1272,1011,23.1,17.4,NA,NA,6,6,NA,NA,NA,NA,NA,NA,2018-05-22 21:01:00,0
2018-05-23 09:00:00,DCNN,8491,12,1,AWSDLY,1272,1011,17.8,10.7,9.4,NA,6,6,6,NA,NA,NA,NA,NA,2018-05-23 09:02:00,0
2018-05-23 21:00:00,DCNN,8491,12,1,AWSDLY,1272,1011,22.7,12.6,NA,NA,6,6,NA,NA,NA,NA,NA,NA,2018-05-23 21:01:00,0
2018-05-24 09:00:00,DCNN,8491,12,1,AWSDLY,1272,1011,18.1,10.8,10.8,NA,6,6,6,NA,NA,NA,NA,NA,2018-05-24 09:01:00,0
2018-05-24 21:00:00,DCNN,8491,12,1,AWSDLY,1272,1011,14.9,12.2,NA,NA,6,6,NA,NA,NA,NA,NA,NA,2018-05-24 21:01:00,0
2018-05-25 09:00:00,DCNN,8491,12,1,AWSDLY,1272,1011,14.2,12.5,11.4,NA,6,6,6,NA,NA,NA,NA,NA,2018-05-25 09:01:00,0
2018-05-25 21:00:00,DCNN,8491,12,1,AWSDLY,1272,1011,15.2,13,NA,NA,6,6,NA,NA,NA,NA,NA,NA,2018-05-25 21:01:00,0
2018-05-26 09:00:00,DCNN,8491,12,1,AWSDLY,1272,1011,15.3,12.5,10.4,NA,6,6,6,NA,NA,NA,NA,NA,2018-05-26 09:03:00,0
2018-05-26 21:00:00,DCNN,8491,12,1,AWSDLY,1272,1011,22.5,14.5,NA,NA,6,6,NA,NA,NA,NA,NA,NA,2018-05-26 21:04:00,0
2018-05-27 09:00:00,DCNN,8491,12,1,AWSDLY,1272,1011,19.8,14.1,13.3,NA,1006,6,6,NA,NA,NA,NA,NA,2018-05-27 09:01:00,0
2018-05-27 21:00:00,DCNN,8491,12,1,AWSDLY,1272,1011,22.5,14.4,NA,NA,6,1006,NA,NA,NA,NA,NA,NA,2018-05-27 21:02:00,0
2018-05-28 09:00:00,DCNN,8491,12,1,AWSDLY,1272,1011,17.8,12.9,9.1,NA,6,6,6,NA,NA,NA,NA,NA,2018-05-28 09:01:00,0
2018-05-28 21:00:00,DCNN,8491,12,1,AWSDLY,1272,1011,22.7,17.8,NA,NA,6,1006,NA,NA,NA,NA,NA,NA,2018-05-28 21:01:00,0
2018-05-29 09:00:00,DCNN,8491,12,1,AWSDLY,1272,1011,19.3,15.3,14.3,NA,6,6,6,NA,NA,NA,NA,NA,2018-05-29 09:02:00,0
2018-05-29 21:00:00,DCNN,8491,12,1,AWSDLY,1272,1011,21.5,16.1,NA,NA,6,6,NA,NA,NA,NA,NA,NA,2018-05-29 21:02:00,0
2018-05-30 09:00:00,DCNN,8491,12,1,AWSDLY,1272,1011,18.8,14.6,14.5,NA,1006,6,6,NA,NA,NA,NA,NA,2018-05-30 09:01:00,0
2018-05-30 21:00:00,DCNN,8491,12,1,AWSDLY,1272,1011,16.5,14.7,NA,NA,6,6,NA,NA,NA,NA,NA,NA,2018-05-30 21:44:00,197
2018-05-31 09:00:00,DCNN,8491,12,1,AWSDLY,1272,1022,17.6,15.8,15.4,NA,2006,1006,6,NA,NA,NA,NA,NA,2018-05-31 10:19:02,0
2018-05-31 21:00:00,DCNN,8491,12,1,AWSDLY,1272,1011,22.5,17,NA,NA,6,6,NA,NA,NA,NA,NA,NA,2018-05-31 21:02:00,0
2018-06-01 09:00:00,DCNN,8491,12,1,AWSDLY,1272,1011,19.4,15.3,13.7,NA,6,6,6,NA,NA,NA,NA,NA,2018-06-01 09:00:00,0
2018-06-01 21:00:00,DCNN,8491,12,1,AWSDLY,1272,1011,22.4,15.6,NA,NA,6,6,NA,NA,NA,NA,NA,NA,2018-06-01 21:02:00,0
2018-06-02 09:00:00,DCNN,8491,12,1,AWSDLY,1272,1011,19.1,14.3,14,NA,6,6,6,NA,NA,NA,NA,NA,2018-06-02 09:01:00,0
2018-06-02 21:00:00,DCNN,8491,12,1,AWSDLY,1272,1011,23,16.5,NA,NA,6,6,NA,NA,NA,NA,NA,NA,2018-06-02 21:02:00,0
2018-06-03 09:00:00,DCNN,8491,12,1,AWSDLY,1272,1011,19.1,10.8,7.6,NA,6,6,6,NA,NA,NA,NA,NA,2018-06-03 09:01:00,0
2018-06-03 21:00:00,DCNN,8491,12,1,AWSDLY,1272,1011,25.1,17.8,NA,NA,6,6,NA,NA,NA,NA,NA,NA,2018-06-03 21:00:00,0
2018-06-04 09:00:00,DCNN,8491,12,1,AWSDLY,1272,1011,19.7,15.4,12.2,NA,6,6,6,NA,NA,NA,NA,NA,2018-06-04 09:02:00,0
2018-06-04 21:00:00,DCNN,8491,12,1,AWSDLY,1272,1011,23.8,17.1,NA,NA,6,6,NA,NA,NA,NA,NA,NA,2018-06-04 21:01:00,0
2018-06-05 09:00:00,DCNN,8491,12,1,AWSDLY,1272,1011,17.2,13.2,13.3,NA,6,6,6,NA,NA,NA,NA,NA,2018-06-05 09:01:00,0
2018-06-05 21:00:00,DCNN,8491,12,1,AWSDLY,1272,1011,18.9,13.1,NA,NA,6,6,NA,NA,NA,NA,NA,NA,2018-06-05 21:01:00,0
2018-06-06 09:00:00,DCNN,8491,12,1,AWSDLY,1272,1011,15.3,11.2,7.8,NA,6,6,6,NA,NA,NA,NA,NA,2018-06-06 09:00:00,0
2018-06-06 21:00:00,DCNN,8491,12,1,AWSDLY,1272,1011,22,14.1,NA,NA,6,6,NA,NA,NA,NA,NA,NA,2018-06-06 21:03:00,0
2018-06-07 09:00:00,DCNN,8491,12,1,AWSDLY,1272,1011,18,13.1,9.9,NA,1006,6,6,NA,NA,NA,NA,NA,2018-06-07 09:01:00,0
2018-06-07 21:00:00,DCNN,8491,12,1,AWSDLY,1272,1011,18.5,14.9,NA,NA,6,6,NA,NA,NA,NA,NA,NA,2018-06-07 21:02:00,0
2018-06-08 09:00:00,DCNN,8491,12,1,AWSDLY,1272,1011,15.7,13.3,13.5,NA,6,6,6,NA,NA,NA,NA,NA,2018-06-08 09:02:00,0
2018-06-08 21:00:00,DCNN,8491,12,1,AWSDLY,1272,1011,19.6,14.1,NA,NA,6,6,NA,NA,NA,NA,NA,NA,2018-06-08 21:01:00,0
2018-06-09 09:00:00,DCNN,8491,12,1,AWSDLY,1272,1011,18.5,15,13.8,NA,6,6,6,NA,NA,NA,NA,NA,2018-06-09 09:02:00,0
2018-06-09 21:00:00,DCNN,8491,12,1,AWSDLY,1272,1011,22.4,17.5,NA,NA,6,6,NA,NA,NA,NA,NA,NA,2018-06-09 21:01:00,0
2018-06-10 09:00:00,DCNN,8491,12,1,AWSDLY,1272,1011,18.2,11.8,8,NA,6,6,6,NA,NA,NA,NA,NA,2018-06-10 09:02:00,0
2018-06-10 21:00:00,DCNN,8491,12,1,AWSDLY,1272,1011,23.3,18,NA,NA,6,6,NA,NA,NA,NA,NA,NA,2018-06-10 21:00:00,0
2018-06-11 09:00:00,DCNN,8491,12,1,AWSDLY,1272,1011,20.8,12.4,8.9,NA,6,6,6,NA,NA,NA,NA,NA,2018-06-11 09:02:00,0
2018-06-11 21:00:00,DCNN,8491,12,1,AWSDLY,1272,1011,25.6,19.6,NA,NA,6,6,NA,NA,NA,NA,NA,NA,2018-06-11 21:00:00,0
2018-06-12 09:00:00,DCNN,8491,12,1,AWSDLY,1272,1011,20.7,12.1,7.9,NA,6,6,6,NA,NA,NA,NA,NA,2018-06-12 09:01:00,0
2018-06-12 21:00:00,DCNN,8491,12,1,AWSDLY,1272,1011,20.8,16.2,NA,NA,6,6,NA,NA,NA,NA,NA,NA,2018-06-12 21:02:00,0
2018-06-13 09:00:00,DCNN,8491,12,1,AWSDLY,1272,1011,19.5,12.7,8.8,NA,6,6,6,NA,NA,NA,NA,NA,2018-06-13 09:03:00,0
2018-06-13 21:00:00,DCNN,8491,12,1,AWSDLY,1272,1011,21.3,15.3,NA,NA,6,6,NA,NA,NA,NA,NA,NA,2018-06-13 21:01:00,0
2018-06-14 09:00:00,DCNN,8491,12,1,AWSDLY,1272,1011,16.9,14.9,14.1,NA,6,6,6,NA,NA,NA,NA,NA,2018-06-14 09:01:00,0
2018-06-14 21:00:00,DCNN,8491,12,1,AWSDLY,1272,1011,19.9,14.1,NA,NA,6,6,NA,NA,NA,NA,NA,NA,2018-06-14 21:01:00,0
2018-06-15 09:00:00,DCNN,8491,12,1,AWSDLY,1272,1011,17.3,9.6,5.3,NA,6,6,6,NA,NA,NA,NA,NA,2018-06-15 09:03:00,0
2018-06-15 21:00:00,DCNN,8491,12,1,AWSDLY,1272,1011,19.1,13.9,NA,NA,6,6,NA,NA,NA,NA,NA,NA,2018-06-15 21:03:00,0
2018-06-16 09:00:00,DCNN,8491,12,1,AWSDLY,1272,1011,15.2,12.5,9.3,NA,6,6,6,NA,NA,NA,NA,NA,2018-06-16 09:01:00,0
2018-06-16 21:00:00,DCNN,8491,12,1,AWSDLY,1272,1011,18,14.1,NA,NA,6,6,NA,NA,NA,NA,NA,NA,2018-06-16 21:04:00,0
2018-06-17 09:00:00,DCNN,8491,12,1,AWSDLY,1272,1011,15,13.2,12.2,NA,6,6,6,NA,NA,NA,NA,NA,2018-06-17 09:02:00,0
2018-06-17 21:00:00,DCNN,8491,12,1,AWSDLY,1272,1011,17,13.7,NA,NA,6,6,NA,NA,NA,NA,NA,NA,2018-06-17 21:01:00,0
2018-06-18 09:00:00,DCNN,8491,12,1,AWSDLY,1272,1011,16.7,14,14.6,NA,6,6,6,NA,NA,NA,NA,NA,2018-06-18 09:01:00,0
2018-06-18 21:00:00,DCNN,8491,12,1,AWSDLY,1272,1011,18.3,16.1,NA,NA,6,6,NA,NA,NA,NA,NA,NA,2018-06-18 21:00:00,0
2018-06-19 09:00:00,DCNN,8491,12,1,AWSDLY,1272,1011,16.8,14.9,16.1,NA,6,6,6,NA,NA,NA,NA,NA,2018-06-19 09:03:00,0
2018-06-19 21:00:00,DCNN,8491,12,1,AWSDLY,1272,1011,19.5,16.5,NA,NA,6,6,NA,NA,NA,NA,NA,NA,2018-06-19 21:01:00,0
2018-06-20 09:00:00,DCNN,8491,12,1,AWSDLY,1272,1011,18.2,15.3,15.7,NA,6,6,6,NA,NA,NA,NA,NA,2018-06-20 09:00:00,0
2018-06-20 21:00:00,DCNN,8491,12,1,AWSDLY,1272,1011,19,13.9,NA,NA,6,6,NA,NA,NA,NA,NA,NA,2018-06-20 21:02:00,0
2018-06-21 09:00:00,DCNN,8491,12,1,AWSDLY,1272,1011,15.4,7.6,5.4,NA,6,6,6,NA,NA,NA,NA,NA,2018-06-21 09:02:00,0
2018-06-21 21:00:00,DCNN,8491,12,1,AWSDLY,1272,1011,20.2,13.7,NA,NA,6,6,NA,NA,NA,NA,NA,NA,2018-06-21 21:01:00,0
2018-06-22 09:00:00,DCNN,8491,12,1,AWSDLY,1272,1011,16.1,6.9,3.4,NA,6,6,6,NA,NA,NA,NA,NA,2018-06-22 09:07:00,0
2018-06-22 21:00:00,DCNN,8491,12,1,AWSDLY,1272,1011,20.6,14.6,NA,NA,6,6,NA,NA,NA,NA,NA,NA,2018-06-22 21:02:00,0
2018-06-23 09:00:00,DCNN,8491,12,1,AWSDLY,1272,1011,19.2,9.1,6.9,NA,6,6,6,NA,NA,NA,NA,NA,2018-06-23 09:02:00,0
2018-06-23 21:00:00,DCNN,8491,12,1,AWSDLY,1272,1011,24.1,16.9,NA,NA,6,6,NA,NA,NA,NA,NA,NA,2018-06-23 21:01:00,0
2018-06-24 09:00:00,DCNN,8491,12,1,AWSDLY,1272,1011,18.7,9.7,7.2,NA,6,6,6,NA,NA,NA,NA,NA,2018-06-24 09:02:00,0
2018-06-24 21:00:00,DCNN,8491,12,1,AWSDLY,1272,1011,24.5,17.6,NA,NA,6,6,NA,NA,NA,NA,NA,NA,2018-06-24 21:01:00,0
2018-06-25 09:00:00,DCNN,8491,12,1,AWSDLY,1272,1011,22.5,10.9,7.9,NA,6,6,6,NA,NA,NA,NA,NA,2018-06-25 09:00:00,0
2018-06-25 21:00:00,DCNN,8491,12,1,AWSDLY,1272,1011,28.3,19.5,NA,NA,6,6,NA,NA,NA,NA,NA,NA,2018-06-25 21:00:00,0
2018-06-26 09:00:00,DCNN,8491,12,1,AWSDLY,1272,1011,24.1,12.9,10.2,NA,6,6,6,NA,NA,NA,NA,NA,2018-06-26 09:01:00,0
2018-06-26 21:00:00,DCNN,8491,12,1,AWSDLY,1272,1011,29.9,22.3,NA,NA,6,6,NA,NA,NA,NA,NA,NA,2018-06-26 21:00:00,0
2018-06-27 09:00:00,DCNN,8491,12,1,AWSDLY,1272,1011,23.3,13.9,10.6,NA,6,6,6,NA,NA,NA,NA,NA,2018-06-27 09:01:00,0
2018-06-27 21:00:00,DCNN,8491,12,1,AWSDLY,1272,1011,28,21.6,NA,NA,6,6,NA,NA,NA,NA,NA,NA,2018-06-27 21:01:00,0
2018-06-28 09:00:00,DCNN,8491,12,1,AWSDLY,1272,1011,23.9,14.6,12.7,NA,1006,6,6,NA,NA,NA,NA,NA,2018-06-28 09:02:00,0
2018-06-28 21:00:00,DCNN,8491,12,1,AWSDLY,1272,1011,27.7,18.5,NA,NA,6,1006,NA,NA,NA,NA,NA,NA,2018-06-28 21:01:00,0
2018-06-29 09:00:00,DCNN,8491,12,1,AWSDLY,1272,1011,24.1,16.4,13.7,NA,1006,6,6,NA,NA,NA,NA,NA,2018-06-29 09:01:00,49
2018-06-29 21:00:00,DCNN,8491,12,1,AWSDLY,1272,1011,27.5,20.9,NA,NA,6,1006,NA,NA,NA,NA,NA,NA,2018-06-29 21:03:00,0
2018-06-30 09:00:00,DCNN,8491,12,1,AWSDLY,1272,1011,23.6,14,12.6,NA,6,6,6,NA,NA,NA,NA,NA,2018-06-30 09:01:00,0
2018-06-30 21:00:00,DCNN,8491,12,1,AWSDLY,1272,1011,28.3,16.3,NA,NA,6,6,NA,NA,NA,NA,NA,NA,2018-06-30 21:02:00,0
2018-07-01 09:00:00,DCNN,8491,12,1,AWSDLY,1272,1011,23.1,17.6,15.3,NA,6,6,6,NA,NA,NA,NA,NA,2018-07-01 09:02:00,0
2018-07-01 21:00:00,DCNN,8491,12,1,AWSDLY,1272,1011,24.5,20,NA,NA,6,6,NA,NA,NA,NA,NA,NA,2018-07-01 21:01:00,0
2018-07-02 09:00:00,DCNN,8491,12,1,AWSDLY,1272,1011,24.6,19.1,17.2,NA,6,6,6,NA,NA,NA,NA,NA,2018-07-02 09:02:00,0
2018-07-02 21:00:00,DCNN,8491,12,1,AWSDLY,1272,1011,29.5,22.4,NA,NA,6,6,NA,NA,NA,NA,NA,NA,2018-07-02 21:06:00,0
2018-07-03 09:00:00,DCNN,8491,12,1,AWSDLY,1272,1011,24.2,15.1,13.3,NA,6,6,6,NA,NA,NA,NA,NA,2018-07-03 09:07:00,0
2018-07-03 21:00:00,DCNN,8491,12,1,AWSDLY,1272,1011,28.1,20.1,NA,NA,6,6,NA,NA,NA,NA,NA,NA,2018-07-03 21:01:00,0
2018-07-04 09:00:00,DCNN,8491,12,1,AWSDLY,1272,1011,21.9,16.2,12,NA,6,6,6,NA,NA,NA,NA,NA,2018-07-04 09:01:00,0
2018-07-04 21:00:00,DCNN,8491,12,1,AWSDLY,1272,1011,22.1,17.1,NA,NA,6,6,NA,NA,NA,NA,NA,NA,2018-07-04 21:01:00,0
2018-07-05 09:00:00,DCNN,8491,12,1,AWSDLY,1272,1011,21.9,16.1,14.2,NA,6,6,6,NA,NA,NA,NA,NA,2018-07-05 09:01:00,0
2018-07-05 21:00:00,DCNN,8491,12,1,AWSDLY,1272,1011,26.9,20.6,NA,NA,6,6,NA,NA,NA,NA,NA,NA,2018-07-05 21:01:00,0
2018-07-06 09:00:00,DCNN,8491,12,1,AWSDLY,1272,1011,22.6,13.5,10.7,NA,6,6,6,NA,NA,NA,NA,NA,2018-07-06 09:01:00,0
2018-07-06 21:00:00,DCNN,8491,12,1,AWSDLY,1272,1011,26.3,17.9,NA,NA,6,6,NA,NA,NA,NA,NA,NA,2018-07-06 21:00:00,0
2018-07-07 09:00:00,DCNN,8491,12,1,AWSDLY,1272,1011,21.3,13.8,11.4,NA,6,6,6,NA,NA,NA,NA,NA,2018-07-07 09:01:00,0
2018-07-07 21:00:00,DCNN,8491,12,1,AWSDLY,1272,1011,28,20.8,NA,NA,6,6,NA,NA,NA,NA,NA,NA,2018-07-07 21:01:00,0
2018-07-08 09:00:00,DCNN,8491,12,1,AWSDLY,1272,1011,25.4,14.9,12.6,NA,6,6,6,NA,NA,NA,NA,NA,2018-07-08 09:01:00,0
2018-07-08 21:00:00,DCNN,8491,12,1,AWSDLY,1272,1011,30.1,22.4,NA,NA,6,6,NA,NA,NA,NA,NA,NA,2018-07-08 21:01:00,0
2018-07-09 09:00:00,DCNN,8491,12,1,AWSDLY,1272,1011,24.4,18.9,15.1,NA,6,6,6,NA,NA,NA,NA,NA,2018-07-09 09:02:00,0
2018-07-09 21:00:00,DCNN,8491,12,1,AWSDLY,1272,1011,29.3,23.8,NA,NA,6,6,NA,NA,NA,NA,NA,NA,2018-07-09 21:03:00,0
2018-07-10 09:00:00,DCNN,8491,12,1,AWSDLY,1272,1011,24.2,17.2,15.4,NA,1006,6,6,NA,NA,NA,NA,NA,2018-07-10 09:02:00,0
2018-07-10 21:00:00,DCNN,8491,12,1,AWSDLY,1272,1011,25.2,19.8,NA,NA,6,6,NA,NA,NA,NA,NA,NA,2018-07-10 21:01:00,0
2018-07-11 09:00:00,DCNN,8491,12,1,AWSDLY,1272,1011,20.8,17,16,NA,6,6,6,NA,NA,NA,NA,NA,2018-07-11 09:02:00,0
2018-07-11 21:00:00,DCNN,8491,12,1,AWSDLY,1272,1011,25.7,20.1,NA,NA,6,6,NA,NA,NA,NA,NA,NA,2018-07-11 21:01:00,0
2018-07-12 09:00:00,DCNN,8491,12,1,AWSDLY,1272,1011,20.9,15.8,12.2,NA,6,6,6,NA,NA,NA,NA,NA,2018-07-12 09:02:00,0
2018-07-12 21:00:00,DCNN,8491,12,1,AWSDLY,1272,1011,25,19.2,NA,NA,6,1006,NA,NA,NA,NA,NA,NA,2018-07-12 21:01:00,0
2018-07-13 09:00:00,DCNN,8491,12,1,AWSDLY,1272,1011,21.7,15.8,12.7,NA,6,6,6,NA,NA,NA,NA,NA,2018-07-13 09:02:00,0
2018-07-13 21:00:00,DCNN,8491,12,1,AWSDLY,1272,1011,26,18,NA,NA,6,6,NA,NA,NA,NA,NA,NA,2018-07-13 21:02:00,0
2018-07-14 09:00:00,DCNN,8491,12,1,AWSDLY,1272,1011,21.2,12.6,9.7,NA,6,6,6,NA,NA,NA,NA,NA,2018-07-14 09:01:00,0
2018-07-14 21:00:00,DCNN,8491,12,1,AWSDLY,1272,1011,25.4,18.1,NA,NA,6,6,NA,NA,NA,NA,NA,NA,2018-07-14 21:02:00,0
2018-07-15 09:00:00,DCNN,8491,12,1,AWSDLY,1272,1011,21.3,12.6,9.3,NA,6,6,6,NA,NA,NA,NA,NA,2018-07-15 09:02:00,0
2018-07-15 21:00:00,DCNN,8491,12,1,AWSDLY,1272,1011,26.6,19.2,NA,NA,6,6,NA,NA,NA,NA,NA,NA,2018-07-15 21:01:00,0
2018-07-16 09:00:00,DCNN,8491,12,1,AWSDLY,1272,1011,21.5,16.4,14.4,NA,6,6,6,NA,NA,NA,NA,NA,2018-07-16 09:01:00,0
2018-07-16 21:00:00,DCNN,8491,12,1,AWSDLY,1272,1011,25.3,16.5,NA,NA,6,6,NA,NA,NA,NA,NA,NA,2018-07-16 21:01:00,0
2018-07-17 09:00:00,DCNN,8491,12,1,AWSDLY,1272,1011,20,11.5,7.9,NA,6,6,6,NA,NA,NA,NA,NA,2018-07-17 09:01:00,0
2018-07-17 21:00:00,DCNN,8491,12,1,AWSDLY,1272,1011,22.5,17.3,NA,NA,6,6,NA,NA,NA,NA,NA,NA,2018-07-17 21:01:00,0
2018-07-18 09:00:00,DCNN,8491,12,1,AWSDLY,1272,1011,21.4,14.5,11.4,NA,6,6,6,NA,NA,NA,NA,NA,2018-07-18 09:03:00,0
2018-07-18 21:00:00,DCNN,8491,12,1,AWSDLY,1272,1011,23.8,17.5,NA,NA,6,6,NA,NA,NA,NA,NA,NA,2018-07-18 21:02:00,0
2018-07-19 09:00:00,DCNN,8491,12,1,AWSDLY,1272,1011,20.4,11.8,8.5,NA,6,6,6,NA,NA,NA,NA,NA,2018-07-19 09:02:00,0
2018-07-19 21:00:00,DCNN,8491,12,1,AWSDLY,1272,1011,25.7,18.2,NA,NA,6,6,NA,NA,NA,NA,NA,NA,2018-07-19 21:01:00,0
2018-07-20 09:00:00,DCNN,8491,12,1,AWSDLY,1272,1011,22.3,12.5,9.2,NA,6,6,6,NA,NA,NA,NA,NA,2018-07-20 09:01:00,0
2018-07-20 21:00:00,DCNN,8491,12,1,AWSDLY,1272,1011,25.4,16.8,NA,NA,6,6,NA,NA,NA,NA,NA,NA,2018-07-20 21:01:00,0
2018-07-21 09:00:00,DCNN,8491,12,1,AWSDLY,1272,1011,21,15.5,14.6,NA,6,6,6,NA,NA,NA,NA,NA,2018-07-21 09:00:00,0
2018-07-21 21:00:00,DCNN,8491,12,1,AWSDLY,1272,1011,25.6,20.8,NA,NA,6,6,NA,NA,NA,NA,NA,NA,2018-07-21 21:03:00,0
2018-07-22 09:00:00,DCNN,8491,12,1,AWSDLY,1272,1011,22.7,16.5,14.3,NA,6,6,6,NA,NA,NA,NA,NA,2018-07-22 09:02:00,0
2018-07-22 21:00:00,DCNN,8491,12,1,AWSDLY,1272,1011,27,19.3,NA,NA,6,6,NA,NA,NA,NA,NA,NA,2018-07-22 21:01:00,0
2018-07-23 09:00:00,DCNN,8491,12,1,AWSDLY,1272,1011,21.8,17.4,15.7,NA,6,6,6,NA,NA,NA,NA,NA,2018-07-23 09:07:00,0
2018-07-23 21:00:00,DCNN,8491,12,1,AWSDLY,1272,1011,24.3,19.2,NA,NA,6,6,NA,NA,NA,NA,NA,NA,2018-07-23 21:02:00,0
2018-07-24 09:00:00,DCNN,8491,12,1,AWSDLY,1272,1011,20,15.8,12.5,NA,6,6,6,NA,NA,NA,NA,NA,2018-07-24 09:00:00,0
2018-07-24 21:00:00,DCNN,8491,12,1,AWSDLY,1272,1011,25.3,18.1,NA,NA,6,6,NA,NA,NA,NA,NA,NA,2018-07-24 21:03:00,0
2018-07-25 09:00:00,DCNN,8491,12,1,AWSDLY,1272,1011,20.2,11.2,7.4,NA,6,6,6,NA,NA,NA,NA,NA,2018-07-25 09:02:00,0
2018-07-25 21:00:00,DCNN,8491,12,1,AWSDLY,1272,1011,25.4,18,NA,NA,6,6,NA,NA,NA,NA,NA,NA,2018-07-25 21:05:00,0
2018-07-26 09:00:00,DCNN,8491,12,1,AWSDLY,1272,1011,20.9,11.5,8.2,NA,6,6,6,NA,NA,NA,NA,NA,2018-07-26 09:06:00,0
2018-07-26 21:00:00,DCNN,8491,12,1,AWSDLY,1272,1011,29,20.6,NA,NA,6,6,NA,NA,NA,NA,NA,NA,2018-07-26 21:03:00,0
2018-07-27 09:00:00,DCNN,8491,12,1,AWSDLY,1272,1011,22.2,12.9,9.5,NA,6,6,6,NA,NA,NA,NA,NA,2018-07-27 09:02:00,0
2018-07-27 21:00:00,DCNN,8491,12,1,AWSDLY,1272,1011,23.3,19.6,NA,NA,6,6,NA,NA,NA,NA,NA,NA,2018-07-27 21:01:00,0
2018-07-28 09:00:00,DCNN,8491,12,1,AWSDLY,1272,1011,19.6,12.1,12.1,NA,6,6,6,NA,NA,NA,NA,NA,2018-07-28 09:01:00,0
2018-07-28 21:00:00,DCNN,8491,12,1,AWSDLY,1272,1011,20.3,12.6,NA,NA,6,6,NA,NA,NA,NA,NA,NA,2018-07-28 21:01:00,0
2018-07-29 09:00:00,DCNN,8491,12,1,AWSDLY,1272,1011,17.4,14.6,14.1,NA,6,6,6,NA,NA,NA,NA,NA,2018-07-29 09:01:00,0
2018-07-29 21:00:00,DCNN,8491,12,1,AWSDLY,1272,1011,21,16.3,NA,NA,6,6,NA,NA,NA,NA,NA,NA,2018-07-29 21:03:00,0
2018-07-30 09:00:00,DCNN,8491,12,1,AWSDLY,1272,1011,19.9,15.7,14.9,NA,6,6,6,NA,NA,NA,NA,NA,2018-07-30 09:00:00,0
2018-07-30 21:00:00,DCNN,8491,12,1,AWSDLY,1272,1011,21.5,15.9,NA,NA,6,6,NA,NA,NA,NA,NA,NA,2018-07-30 21:02:00,0
2018-07-31 09:00:00,DCNN,8491,12,1,AWSDLY,1272,1011,19.2,13.2,11.1,NA,6,6,6,NA,NA,NA,NA,NA,2018-07-31 09:01:00,0
2018-07-31 21:00:00,DCNN,8491,12,1,AWSDLY,1272,1011,22.5,16.1,NA,NA,6,6,NA,NA,NA,NA,NA,NA,2018-07-31 21:03:00,0
2018-08-01 09:00:00,DCNN,8491,12,1,AWSDLY,1272,1011,19.9,11.9,8.9,NA,6,6,6,NA,NA,NA,NA,NA,2018-08-01 09:01:00,0
2018-08-01 21:00:00,DCNN,8491,12,1,AWSDLY,1272,1011,23.3,17.1,NA,NA,6,6,NA,NA,NA,NA,NA,NA,2018-08-01 21:01:00,0
2018-08-02 09:00:00,DCNN,8491,12,1,AWSDLY,1272,1011,19.9,16.3,13.4,NA,6,6,6,NA,NA,NA,NA,NA,2018-08-02 09:01:00,0
2018-08-02 21:00:00,DCNN,8491,12,1,AWSDLY,1272,1011,25,19.3,NA,NA,6,6,NA,NA,NA,NA,NA,NA,2018-08-02 21:00:00,0
2018-08-03 09:00:00,DCNN,8491,12,1,AWSDLY,1272,1011,20.3,16.3,13.8,NA,6,6,6,NA,NA,NA,NA,NA,2018-08-03 09:02:00,0
2018-08-03 21:00:00,DCNN,8491,12,1,AWSDLY,1272,1011,25.8,20.1,NA,NA,6,6,NA,NA,NA,NA,NA,NA,2018-08-03 21:02:00,0
2018-08-04 09:00:00,DCNN,8491,12,1,AWSDLY,1272,1011,21.1,17.3,16.2,NA,6,6,6,NA,NA,NA,NA,NA,2018-08-04 09:01:00,0
2018-08-04 21:00:00,DCNN,8491,12,1,AWSDLY,1272,1011,26,19.1,NA,NA,6,6,NA,NA,NA,NA,NA,NA,2018-08-04 21:01:00,0
2018-08-05 09:00:00,DCNN,8491,12,1,AWSDLY,1272,1011,21,14.2,10.6,NA,6,6,6,NA,NA,NA,NA,NA,2018-08-05 09:03:00,0
2018-08-05 21:00:00,DCNN,8491,12,1,AWSDLY,1272,1011,27.7,20.3,NA,NA,6,6,NA,NA,NA,NA,NA,NA,2018-08-05 21:01:00,0
2018-08-06 09:00:00,DCNN,8491,12,1,AWSDLY,1272,1011,20.5,17,15.1,NA,6,6,6,NA,NA,NA,NA,NA,2018-08-06 09:01:00,0
2018-08-06 21:00:00,DCNN,8491,12,1,AWSDLY,1272,1011,24.6,17,NA,NA,6,6,NA,NA,NA,NA,NA,NA,2018-08-06 21:05:00,0
2018-08-07 09:00:00,DCNN,8491,12,1,AWSDLY,1272,1011,19.5,13.6,11.1,NA,6,6,6,NA,NA,NA,NA,NA,2018-08-07 09:00:00,0
2018-08-07 21:00:00,DCNN,8491,12,1,AWSDLY,1272,1011,23.2,15.8,NA,NA,6,6,NA,NA,NA,NA,NA,NA,2018-08-07 21:03:00,0
2018-08-08 09:00:00,DCNN,8491,12,1,AWSDLY,1272,1011,19.6,12.7,8.6,NA,6,6,6,NA,NA,NA,NA,NA,2018-08-08 09:01:00,0
2018-08-08 21:00:00,DCNN,8491,12,1,AWSDLY,1272,1011,21.5,15.6,NA,NA,6,6,NA,NA,NA,NA,NA,NA,2018-08-08 21:01:00,0
2018-08-09 09:00:00,DCNN,8491,12,1,AWSDLY,1272,1011,17.5,11.8,9.1,NA,6,6,6,NA,NA,NA,NA,NA,2018-08-09 09:01:00,0
2018-08-09 21:00:00,DCNN,8491,12,1,AWSDLY,1272,1011,21.4,14,NA,NA,6,6,NA,NA,NA,NA,NA,NA,2018-08-09 21:01:00,0
2018-08-10 09:00:00,DCNN,8491,12,1,AWSDLY,1272,1011,14,10.9,7.6,NA,6,6,6,NA,NA,NA,NA,NA,2018-08-10 09:01:00,0
2018-08-10 21:00:00,DCNN,8491,12,1,AWSDLY,1272,1011,20.1,12.4,NA,NA,6,6,NA,NA,NA,NA,NA,NA,2018-08-10 21:01:00,0
2018-08-11 09:00:00,DCNN,8491,12,1,AWSDLY,1272,1011,16.1,7.3,4.1,NA,6,6,6,NA,NA,NA,NA,NA,2018-08-11 09:01:00,0
2018-08-11 21:00:00,DCNN,8491,12,1,AWSDLY,1272,1011,17.7,14.5,NA,NA,6,6,NA,NA,NA,NA,NA,NA,2018-08-11 21:00:00,0
2018-08-12 09:00:00,DCNN,8491,12,1,AWSDLY,1272,1011,17.8,16.2,16.8,NA,6,6,6,NA,NA,NA,NA,NA,2018-08-12 09:04:00,0
2018-08-12 21:00:00,DCNN,8491,12,1,AWSDLY,1272,1011,21,15.7,NA,NA,6,6,NA,NA,NA,NA,NA,NA,2018-08-12 21:02:00,0
2018-08-13 09:00:00,DCNN,8491,12,1,AWSDLY,1272,1011,19.3,14.5,13.5,NA,6,6,6,NA,NA,NA,NA,NA,2018-08-13 09:03:00,0
2018-08-13 21:00:00,DCNN,8491,12,1,AWSDLY,1272,1011,23.3,14.9,NA,NA,6,6,NA,NA,NA,NA,NA,NA,2018-08-13 21:01:00,0
2018-08-14 09:00:00,DCNN,8491,12,1,AWSDLY,1272,1011,19.9,13,9.6,NA,6,6,6,NA,NA,NA,NA,NA,2018-08-14 09:01:00,0
2018-08-14 21:00:00,DCNN,8491,12,1,AWSDLY,1272,1011,21.5,17.6,NA,NA,6,6,NA,NA,NA,NA,NA,NA,2018-08-14 21:01:00,0
2018-08-15 09:00:00,DCNN,8491,12,1,AWSDLY,1272,1011,18.9,17.2,16.7,NA,6,6,6,NA,NA,NA,NA,NA,2018-08-15 09:07:00,0
2018-08-15 21:00:00,DCNN,8491,12,1,AWSDLY,1272,1011,23.1,18.6,NA,NA,6,6,NA,NA,NA,NA,NA,NA,2018-08-15 21:03:00,0
2018-08-16 09:00:00,DCNN,8491,12,1,AWSDLY,1272,1011,18.9,14.4,15.4,NA,6,6,6,NA,NA,NA,NA,NA,2018-08-16 09:01:00,0
2018-08-16 21:00:00,DCNN,8491,12,1,AWSDLY,1272,1011,19.9,14.6,NA,NA,6,6,NA,NA,NA,NA,NA,NA,2018-08-16 21:01:00,0
2018-08-17 09:00:00,DCNN,8491,12,1,AWSDLY,1272,1011,16.6,9.9,6,NA,6,6,6,NA,NA,NA,NA,NA,2018-08-17 09:01:00,0
2018-08-17 21:00:00,DCNN,8491,12,1,AWSDLY,1272,1011,19.5,15.8,NA,NA,6,6,NA,NA,NA,NA,NA,NA,2018-08-17 21:01:00,0
2018-08-18 09:00:00,DCNN,8491,12,1,AWSDLY,1272,1011,18,15.8,15.2,NA,6,6,6,NA,NA,NA,NA,NA,2018-08-18 09:00:00,0
2018-08-18 21:00:00,DCNN,8491,12,1,AWSDLY,1272,1011,20.4,17.5,NA,NA,6,6,NA,NA,NA,NA,NA,NA,2018-08-18 21:01:00,0
2018-08-19 09:00:00,DCNN,8491,12,1,AWSDLY,1272,1011,18.7,16.1,14.9,NA,6,6,6,NA,NA,NA,NA,NA,2018-08-19 09:01:00,0
2018-08-19 21:00:00,DCNN,8491,12,1,AWSDLY,1272,1011,20.5,17.6,NA,NA,6,6,NA,NA,NA,NA,NA,NA,2018-08-19 21:00:00,0
2018-08-20 09:00:00,DCNN,8491,12,1,AWSDLY,1272,1011,18.9,17.6,17.3,NA,6,6,6,NA,NA,NA,NA,NA,2018-08-20 09:46:00,4
2018-08-20 21:00:00,DCNN,8491,12,1,AWSDLY,1272,1011,21.8,17.2,NA,NA,6,6,NA,NA,NA,NA,NA,NA,2018-08-20 21:01:00,0
2018-08-21 09:00:00,DCNN,8491,12,1,AWSDLY,1272,1011,17.7,15.1,13.8,NA,6,6,6,NA,NA,NA,NA,NA,2018-08-21 09:01:00,0
2018-08-21 21:00:00,DCNN,8491,12,1,AWSDLY,1272,1011,21.4,17.2,NA,NA,6,6,NA,NA,NA,NA,NA,NA,2018-08-21 21:01:00,0
2018-08-22 09:00:00,DCNN,8491,12,1,AWSDLY,1272,1011,18.7,17,15.9,NA,6,6,6,NA,NA,NA,NA,NA,2018-08-22 09:01:00,0
2018-08-22 21:00:00,DCNN,8491,12,1,AWSDLY,1272,1011,22.3,18.6,NA,NA,6,6,NA,NA,NA,NA,NA,NA,2018-08-22 21:45:00,196
2018-08-23 09:00:00,DCNN,8491,12,1,AWSDLY,1272,1011,19,13.4,13.3,NA,6,6,6,NA,NA,NA,NA,NA,2018-08-23 09:01:00,0
2018-08-23 21:00:00,DCNN,8491,12,1,AWSDLY,1272,1011,19.6,12.1,NA,NA,6,6,NA,NA,NA,NA,NA,NA,2018-08-23 21:01:00,0
2018-08-24 09:00:00,DCNN,8491,12,1,AWSDLY,1272,1011,15.1,8.9,5.7,NA,6,6,6,NA,NA,NA,NA,NA,2018-08-24 09:05:00,0
2018-08-24 21:00:00,DCNN,8491,12,1,AWSDLY,1272,1011,17.8,8.3,NA,NA,6,6,NA,NA,NA,NA,NA,NA,2018-08-24 21:01:00,0
2018-08-25 09:00:00,DCNN,8491,12,1,AWSDLY,1272,1011,14.6,6,2.4,NA,6,6,6,NA,NA,NA,NA,NA,2018-08-25 09:01:00,0
2018-08-25 21:00:00,DCNN,8491,12,1,AWSDLY,1272,1011,18.6,11.7,NA,NA,6,6,NA,NA,NA,NA,NA,NA,2018-08-25 21:02:00,0
2018-08-26 09:00:00,DCNN,8491,12,1,AWSDLY,1272,1011,13.9,10,7.7,NA,6,6,6,NA,NA,NA,NA,NA,2018-08-26 09:02:00,0
2018-08-26 21:00:00,DCNN,8491,12,1,AWSDLY,1272,1011,18,12.8,NA,NA,6,6,NA,NA,NA,NA,NA,NA,2018-08-26 21:01:00,0
2018-08-27 09:00:00,DCNN,8491,12,1,AWSDLY,1272,1011,16.4,13.3,12.4,NA,6,6,6,NA,NA,NA,NA,NA,2018-08-27 09:03:00,0
2018-08-27 21:00:00,DCNN,8491,12,1,AWSDLY,1272,1011,18.6,15.2,NA,NA,6,6,NA,NA,NA,NA,NA,NA,2018-08-27 21:01:00,0
2018-08-28 09:00:00,DCNN,8491,12,1,AWSDLY,1272,1011,15.9,14.1,14,NA,6,6,6,NA,NA,NA,NA,NA,2018-08-28 09:01:00,0
2018-08-28 21:00:00,DCNN,8491,12,1,AWSDLY,1272,1011,18.4,14.3,NA,NA,6,6,NA,NA,NA,NA,NA,NA,2018-08-28 21:01:00,0
2018-08-29 09:00:00,DCNN,8491,12,1,AWSDLY,1272,1011,16.8,12.4,10.9,NA,6,6,6,NA,NA,NA,NA,NA,2018-08-29 09:01:00,0
2018-08-29 21:00:00,DCNN,8491,12,1,AWSDLY,1272,1011,21.3,13.6,NA,NA,6,6,NA,NA,NA,NA,NA,NA,2018-08-29 21:01:00,0
2018-08-30 09:00:00,DCNN,8491,12,1,AWSDLY,1272,1011,14.1,6.9,3.2,NA,6,6,6,NA,NA,NA,NA,NA,2018-08-30 09:02:00,0
2018-08-30 21:00:00,DCNN,8491,12,1,AWSDLY,1272,1011,19.4,10.2,NA,NA,6,6,NA,NA,NA,NA,NA,NA,2018-08-30 21:01:00,0
2018-08-31 09:00:00,DCNN,8491,12,1,AWSDLY,1272,1011,15.7,6.5,3.3,NA,6,6,6,NA,NA,NA,NA,NA,2018-08-31 09:00:00,0
2018-08-31 21:00:00,DCNN,8491,12,1,AWSDLY,1272,1011,21.9,14.6,NA,NA,6,6,NA,NA,NA,NA,NA,NA,2018-08-31 21:02:00,0
2018-09-01 09:00:00,DCNN,8491,12,1,AWSDLY,1272,1011,17.1,14,9.8,NA,6,6,6,NA,NA,NA,NA,NA,2018-09-01 09:01:00,0
2018-09-01 21:00:00,DCNN,8491,12,1,AWSDLY,1272,1011,22,17.1,NA,NA,6,6,NA,NA,NA,NA,NA,NA,2018-09-01 21:00:00,0
2018-09-02 09:00:00,DCNN,8491,12,1,AWSDLY,1272,1011,19,17.3,13.1,NA,6,6,6,NA,NA,NA,NA,NA,2018-09-02 09:01:00,0
2018-09-02 21:00:00,DCNN,8491,12,1,AWSDLY,1272,1011,24.4,18.7,NA,NA,6,6,NA,NA,NA,NA,NA,NA,2018-09-02 21:00:00,0
2018-09-03 09:00:00,DCNN,8491,12,1,AWSDLY,1272,1011,19.9,13.7,11.1,NA,6,6,6,NA,NA,NA,NA,NA,2018-09-03 09:01:00,0
2018-09-03 21:00:00,DCNN,8491,12,1,AWSDLY,1272,1011,20.8,16.2,NA,NA,6,6,NA,NA,NA,NA,NA,NA,2018-09-03 21:01:00,0
2018-09-04 09:00:00,DCNN,8491,12,1,AWSDLY,1272,1011,16.4,13.7,13.1,NA,6,6,6,NA,NA,NA,NA,NA,2018-09-04 09:02:00,0
2018-09-04 21:00:00,DCNN,8491,12,1,AWSDLY,1272,1011,17.8,14.2,NA,NA,6,6,NA,NA,NA,NA,NA,NA,2018-09-04 21:01:00,0
2018-09-05 09:00:00,DCNN,8491,12,1,AWSDLY,1272,1011,16.7,10.4,6.8,NA,6,6,6,NA,NA,NA,NA,NA,2018-09-05 09:01:00,0
2018-09-05 21:00:00,DCNN,8491,12,1,AWSDLY,1272,1011,20.6,12.7,NA,NA,6,6,NA,NA,NA,NA,NA,NA,2018-09-05 21:01:00,0
2018-09-06 09:00:00,DCNN,8491,12,1,AWSDLY,1272,1011,17.2,8.3,5,NA,6,6,6,NA,NA,NA,NA,NA,2018-09-06 09:01:00,0
2018-09-06 21:00:00,DCNN,8491,12,1,AWSDLY,1272,1011,18.9,12.5,NA,NA,6,6,NA,NA,NA,NA,NA,NA,2018-09-06 21:03:00,0
2018-09-07 09:00:00,DCNN,8491,12,1,AWSDLY,1272,1011,14.8,6.7,2.4,NA,6,6,6,NA,NA,NA,NA,NA,2018-09-07 09:00:00,0
2018-09-07 21:00:00,DCNN,8491,12,1,AWSDLY,1272,1011,18,11.4,NA,NA,6,6,NA,NA,NA,NA,NA,NA,2018-09-07 21:00:00,0
2018-09-08 09:00:00,DCNN,8491,12,1,AWSDLY,1272,1011,15.1,9.9,7,NA,6,6,6,NA,NA,NA,NA,NA,2018-09-08 09:02:00,0
2018-09-08 21:00:00,DCNN,8491,12,1,AWSDLY,1272,1011,19.3,15.1,NA,NA,6,1006,NA,NA,NA,NA,NA,NA,2018-09-08 21:01:00,0
2018-09-09 09:00:00,DCNN,8491,12,1,AWSDLY,1272,1011,17.6,14.7,13.3,NA,6,6,6,NA,NA,NA,NA,NA,2018-09-09 09:01:00,0
2018-09-09 21:00:00,DCNN,8491,12,1,AWSDLY,1272,1011,20.1,13.5,NA,NA,6,6,NA,NA,NA,NA,NA,NA,2018-09-09 21:03:00,0
2018-09-10 09:00:00,DCNN,8491,12,1,AWSDLY,1272,1011,17,11.3,9.6,NA,6,6,6,NA,NA,NA,NA,NA,2018-09-10 09:02:00,0
2018-09-10 21:00:00,DCNN,8491,12,1,AWSDLY,1272,1011,19.9,16.4,NA,NA,6,6,NA,NA,NA,NA,NA,NA,2018-09-10 21:02:00,0
2018-09-11 09:00:00,DCNN,8491,12,1,AWSDLY,1272,1011,18,17.4,17,NA,6,6,6,NA,NA,NA,NA,NA,2018-09-11 09:01:00,0
2018-09-11 21:00:00,DCNN,8491,12,1,AWSDLY,1272,1011,19,14.7,NA,NA,6,6,NA,NA,NA,NA,NA,NA,2018-09-11 21:02:00,0
2018-09-12 09:00:00,DCNN,8491,12,1,AWSDLY,1272,1011,14.7,11.8,12,NA,6,6,6,NA,NA,NA,NA,NA,2018-09-12 09:01:00,0
2018-09-12 21:00:00,DCNN,8491,12,1,AWSDLY,1272,1011,16.6,9.8,NA,NA,6,6,NA,NA,NA,NA,NA,NA,2018-09-12 21:01:00,0
2018-09-13 09:00:00,DCNN,8491,12,1,AWSDLY,1272,1011,14.4,5.3,1.2,NA,6,6,6,NA,NA,NA,NA,NA,2018-09-13 09:01:00,0
2018-09-13 21:00:00,DCNN,8491,12,1,AWSDLY,1272,1011,18.5,9.9,NA,NA,6,6,NA,NA,NA,NA,NA,NA,2018-09-13 21:01:00,0
2018-09-14 09:00:00,DCNN,8491,12,1,AWSDLY,1272,1011,13.6,10.2,6.8,NA,6,6,6,NA,NA,NA,NA,NA,2018-09-14 09:01:00,0
2018-09-14 21:00:00,DCNN,8491,12,1,AWSDLY,1272,1011,18.1,13.5,NA,NA,6,6,NA,NA,NA,NA,NA,NA,2018-09-14 21:01:00,0
2018-09-15 09:00:00,DCNN,8491,12,1,AWSDLY,1272,1011,16.3,9.3,6.8,NA,6,6,6,NA,NA,NA,NA,NA,2018-09-15 09:01:00,0
2018-09-15 21:00:00,DCNN,8491,12,1,AWSDLY,1272,1011,19.3,14,NA,NA,6,6,NA,NA,NA,NA,NA,NA,2018-09-15 21:02:00,0
2018-09-16 09:00:00,DCNN,8491,12,1,AWSDLY,1272,1011,16.6,12,9.3,NA,6,6,6,NA,NA,NA,NA,NA,2018-09-16 09:01:00,0
2018-09-16 21:00:00,DCNN,8491,12,1,AWSDLY,1272,1011,19.9,16.6,NA,NA,6,6,NA,NA,NA,NA,NA,NA,2018-09-16 21:06:00,0
2018-09-17 09:00:00,DCNN,8491,12,1,AWSDLY,1272,1011,19,16.8,17.6,NA,6,6,6,NA,NA,NA,NA,NA,2018-09-17 09:00:00,0
2018-09-17 21:00:00,DCNN,8491,12,1,AWSDLY,1272,1011,20.6,16.5,NA,NA,6,6,NA,NA,NA,NA,NA,NA,2018-09-17 21:01:00,0
2018-09-18 09:00:00,DCNN,8491,12,1,AWSDLY,1272,1011,18.9,15.2,12.9,NA,6,6,6,NA,NA,NA,NA,NA,2018-09-18 09:01:00,0
2018-09-18 21:00:00,DCNN,8491,12,1,AWSDLY,1272,1011,21,16.8,NA,NA,6,6,NA,NA,NA,NA,NA,NA,2018-09-18 21:01:00,0
2018-09-19 09:00:00,DCNN,8491,12,1,AWSDLY,1272,1011,19.6,15.6,14.1,NA,6,6,6,NA,NA,NA,NA,NA,2018-09-19 09:02:00,0
2018-09-19 21:00:00,DCNN,8491,12,1,AWSDLY,1272,1011,21,13.2,NA,NA,6,6,NA,NA,NA,NA,NA,NA,2018-09-19 21:01:00,0
2018-09-20 09:00:00,DCNN,8491,12,1,AWSDLY,1272,1011,13.4,11.9,12.1,NA,6,6,6,NA,NA,NA,NA,NA,2018-09-20 09:01:00,0
2018-09-20 21:00:00,DCNN,8491,12,1,AWSDLY,1272,1011,19,13.2,NA,NA,6,6,NA,NA,NA,NA,NA,NA,2018-09-20 21:01:00,0
2018-09-21 09:00:00,DCNN,8491,12,1,AWSDLY,1272,1011,17.9,8.3,6.9,NA,6,6,6,NA,NA,NA,NA,NA,2018-09-21 09:01:00,0
2018-09-21 21:00:00,DCNN,8491,12,1,AWSDLY,1272,1011,15.9,10.5,NA,NA,6,6,NA,NA,NA,NA,NA,NA,2018-09-21 21:02:00,0
2018-09-22 09:00:00,DCNN,8491,12,1,AWSDLY,1272,1011,11.9,9.7,8.7,NA,6,6,6,NA,NA,NA,NA,NA,2018-09-22 09:01:00,0
2018-09-22 21:00:00,DCNN,8491,12,1,AWSDLY,1272,1011,11.4,10.1,NA,NA,6,6,NA,NA,NA,NA,NA,NA,2018-09-22 21:00:00,0
2018-09-23 09:00:00,DCNN,8491,12,1,AWSDLY,1272,1011,10.5,8.4,9.3,NA,6,6,6,NA,NA,NA,NA,NA,2018-09-23 09:01:00,0
2018-09-23 21:00:00,DCNN,8491,12,1,AWSDLY,1272,1011,15.6,7.5,NA,NA,6,6,NA,NA,NA,NA,NA,NA,2018-09-23 21:01:00,0
2018-09-24 09:00:00,DCNN,8491,12,1,AWSDLY,1272,1011,11.2,3.2,0.2,NA,6,6,6,NA,NA,NA,NA,NA,2018-09-24 09:01:00,0
2018-09-24 21:00:00,DCNN,8491,12,1,AWSDLY,1272,1011,15.7,6.7,NA,NA,6,6,NA,NA,NA,NA,NA,NA,2018-09-24 21:01:00,0
2018-09-25 09:00:00,DCNN,8491,12,1,AWSDLY,1272,1011,10,2.3,-0.8,NA,6,6,6,NA,NA,NA,NA,NA,2018-09-25 09:01:00,0
2018-09-25 21:00:00,DCNN,8491,12,1,AWSDLY,1272,1011,17.7,9.9,NA,NA,6,1006,NA,NA,NA,NA,NA,NA,2018-09-25 21:02:00,0
2018-09-26 09:00:00,DCNN,8491,12,1,AWSDLY,1272,1011,13.9,5.2,2.3,NA,6,6,6,NA,NA,NA,NA,NA,2018-09-26 09:03:00,0
2018-09-26 21:00:00,DCNN,8491,12,1,AWSDLY,1272,1011,19.8,12.2,NA,NA,6,6,NA,NA,NA,NA,NA,NA,2018-09-26 21:01:00,0
2018-09-27 09:00:00,DCNN,8491,12,1,AWSDLY,1272,1011,12.4,7.5,4.6,NA,6,6,6,NA,NA,NA,NA,NA,2018-09-27 09:01:00,0
2018-09-27 21:00:00,DCNN,8491,12,1,AWSDLY,1272,1011,21.3,9.8,NA,NA,6,6,NA,NA,NA,NA,NA,NA,2018-09-27 21:01:00,0
2018-09-28 09:00:00,DCNN,8491,12,1,AWSDLY,1272,1011,12.4,6.3,3.6,NA,6,6,6,NA,NA,NA,NA,NA,2018-09-28 09:03:00,0
2018-09-28 21:00:00,DCNN,8491,12,1,AWSDLY,1272,1011,16.7,7.2,NA,NA,6,6,NA,NA,NA,NA,NA,NA,2018-09-28 21:01:00,0
2018-09-29 09:00:00,DCNN,8491,12,1,AWSDLY,1272,1011,10,2.4,-0.9,NA,6,6,6,NA,NA,NA,NA,NA,2018-09-29 09:00:00,0
2018-09-29 21:00:00,DCNN,8491,12,1,AWSDLY,1272,1011,17.1,7.2,NA,NA,6,6,NA,NA,NA,NA,NA,NA,2018-09-29 21:01:00,0
2018-09-30 09:00:00,DCNN,8491,12,1,AWSDLY,1272,1011,11.9,4.7,0.8,NA,6,6,6,NA,NA,NA,NA,NA,2018-09-30 09:02:00,0
2018-09-30 21:00:00,DCNN,8491,12,1,AWSDLY,1272,1011,15.9,10.2,NA,NA,6,6,NA,NA,NA,NA,NA,NA,2018-09-30 21:00:00,0
2018-10-01 09:00:00,DCNN,8491,12,1,AWSDLY,1272,1011,12.1,6,2.5,NA,6,6,6,NA,NA,NA,NA,NA,2018-10-01 09:01:00,0
2018-10-01 21:00:00,DCNN,8491,12,1,AWSDLY,1272,1011,16.6,8.8,NA,NA,6,6,NA,NA,NA,NA,NA,NA,2018-10-01 21:01:00,0
2018-10-02 09:00:00,DCNN,8491,12,1,AWSDLY,1272,1011,16.3,8.3,5.4,NA,6,6,6,NA,NA,NA,NA,NA,2018-10-02 09:01:00,0
2018-10-02 21:00:00,DCNN,8491,12,1,AWSDLY,1272,1011,18.2,14.5,NA,NA,6,6,NA,NA,NA,NA,NA,NA,2018-10-02 21:01:00,0
2018-10-03 09:00:00,DCNN,8491,12,1,AWSDLY,1272,1011,15.5,9.5,6.7,NA,6,6,6,NA,NA,NA,NA,NA,2018-10-03 09:01:00,0
2018-10-03 21:00:00,DCNN,8491,12,1,AWSDLY,1272,1011,18.8,13.4,NA,NA,6,6,NA,NA,NA,NA,NA,NA,2018-10-03 21:00:00,0
2018-10-04 09:00:00,DCNN,8491,12,1,AWSDLY,1272,1011,14.1,13,11.8,NA,6,6,6,NA,NA,NA,NA,NA,2018-10-04 09:00:00,0
2018-10-04 21:00:00,DCNN,8491,12,1,AWSDLY,1272,1011,19.4,12.4,NA,NA,6,6,NA,NA,NA,NA,NA,NA,2018-10-04 21:01:00,0
2018-10-05 09:00:00,DCNN,8491,12,1,AWSDLY,1272,1011,14.8,12.9,10.3,NA,6,6,6,NA,NA,NA,NA,NA,2018-10-05 09:02:00,0
2018-10-05 21:00:00,DCNN,8491,12,1,AWSDLY,1272,1011,18.8,13.4,NA,NA,6,6,NA,NA,NA,NA,NA,NA,2018-10-05 21:01:00,0
2018-10-06 09:00:00,DCNN,8491,12,1,AWSDLY,1272,1011,13.9,9.1,9.1,NA,6,6,6,NA,NA,NA,NA,NA,2018-10-06 09:02:00,0
2018-10-06 21:00:00,DCNN,8491,12,1,AWSDLY,1272,1011,10.7,7.2,NA,NA,6,6,NA,NA,NA,NA,NA,NA,2018-10-06 21:01:00,0
2018-10-07 09:00:00,DCNN,8491,12,1,AWSDLY,1272,1011,7.7,2.3,-0.7,NA,6,6,6,NA,NA,NA,NA,NA,2018-10-07 09:00:00,0
2018-10-07 21:00:00,DCNN,8491,12,1,AWSDLY,1272,1011,14.2,7.6,NA,NA,6,6,NA,NA,NA,NA,NA,NA,2018-10-07 21:01:00,0
2018-10-08 09:00:00,DCNN,8491,12,1,AWSDLY,1272,1011,15.5,11.6,7.4,NA,6,6,6,NA,NA,NA,NA,NA,2018-10-08 09:01:00,0
2018-10-08 21:00:00,DCNN,8491,12,1,AWSDLY,1272,1011,16.2,13.1,NA,NA,6,6,NA,NA,NA,NA,NA,NA,2018-10-08 21:04:00,0
2018-10-09 09:00:00,DCNN,8491,12,1,AWSDLY,1272,1011,14.5,6.6,3.5,NA,6,6,6,NA,NA,NA,NA,NA,2018-10-09 09:01:00,0
2018-10-09 21:00:00,DCNN,8491,12,1,AWSDLY,1272,1011,20.2,9.9,NA,NA,6,6,NA,NA,NA,NA,NA,NA,2018-10-09 21:00:00,0
2018-10-10 09:00:00,DCNN,8491,12,1,AWSDLY,1272,1011,14.7,8.2,5.6,NA,6,6,6,NA,NA,NA,NA,NA,2018-10-10 09:01:00,0
2018-10-10 21:00:00,DCNN,8491,12,1,AWSDLY,1272,1011,22.7,14.7,NA,NA,6,1006,NA,NA,NA,NA,NA,NA,2018-10-10 21:01:00,0
2018-10-11 09:00:00,DCNN,8491,12,1,AWSDLY,1272,1011,17.4,15.1,12.1,NA,6,6,6,NA,NA,NA,NA,NA,2018-10-11 09:01:00,0
2018-10-11 21:00:00,DCNN,8491,12,1,AWSDLY,1272,1011,17.3,10.8,NA,NA,6,6,NA,NA,NA,NA,NA,NA,2018-10-11 21:01:00,0
2018-10-12 09:00:00,DCNN,8491,12,1,AWSDLY,1272,1011,16,12.4,7.9,NA,6,1006,6,NA,NA,NA,NA,NA,2018-10-12 09:00:00,0
2018-10-12 21:00:00,DCNN,8491,12,1,AWSDLY,1272,1011,18.3,15.5,NA,NA,6,6,NA,NA,NA,NA,NA,NA,2018-10-12 21:00:00,0
2018-10-13 09:00:00,DCNN,8491,12,1,AWSDLY,1272,1011,18.9,17.6,18.2,NA,6,6,6,NA,NA,NA,NA,NA,2018-10-13 09:03:00,0
2018-10-13 21:00:00,DCNN,8491,12,1,AWSDLY,1272,1011,21,17.1,NA,NA,6,6,NA,NA,NA,NA,NA,NA,2018-10-13 21:02:00,0
2018-10-14 09:00:00,DCNN,8491,12,1,AWSDLY,1272,1011,17.2,10.2,10.7,NA,6,6,6,NA,NA,NA,NA,NA,2018-10-14 09:01:00,0
2018-10-14 21:00:00,DCNN,8491,12,1,AWSDLY,1272,1011,12.2,10.3,NA,NA,6,6,NA,NA,NA,NA,NA,NA,2018-10-14 21:00:00,0
2018-10-15 09:00:00,DCNN,8491,12,1,AWSDLY,1272,1011,10.4,9.5,9.7,NA,6,6,6,NA,NA,NA,NA,NA,2018-10-15 09:00:00,0
2018-10-15 21:00:00,DCNN,8491,12,1,AWSDLY,1272,1011,12.4,10,NA,NA,6,6,NA,NA,NA,NA,NA,NA,2018-10-15 21:01:00,0
2018-10-16 09:00:00,DCNN,8491,12,1,AWSDLY,1272,1011,14.2,11.4,11.5,NA,6,6,6,NA,NA,NA,NA,NA,2018-10-16 09:01:00,0
2018-10-16 21:00:00,DCNN,8491,12,1,AWSDLY,1272,1011,16.7,9.7,NA,NA,6,6,NA,NA,NA,NA,NA,NA,2018-10-16 21:00:00,0
2018-10-17 09:00:00,DCNN,8491,12,1,AWSDLY,1272,1011,12.8,10.7,7.4,NA,6,6,6,NA,NA,NA,NA,NA,2018-10-17 09:01:00,0
2018-10-17 21:00:00,DCNN,8491,12,1,AWSDLY,1272,1011,16.7,12.1,NA,NA,6,6,NA,NA,NA,NA,NA,NA,2018-10-17 20:59:00,0
2018-10-18 09:00:00,DCNN,8491,12,1,AWSDLY,1272,1011,13.6,9.2,6.7,NA,6,6,6,NA,NA,NA,NA,NA,2018-10-18 09:00:00,0
2018-10-18 21:00:00,DCNN,8491,12,1,AWSDLY,1272,1011,15.2,9.3,NA,NA,6,6,NA,NA,NA,NA,NA,NA,2018-10-18 21:01:00,0
2018-10-19 09:00:00,DCNN,8491,12,1,AWSDLY,1272,1011,9.4,5.7,3.1,NA,6,6,6,NA,NA,NA,NA,NA,2018-10-19 09:01:00,0
2018-10-19 21:00:00,DCNN,8491,12,1,AWSDLY,1272,1011,16.3,8.5,NA,NA,6,6,NA,NA,NA,NA,NA,NA,2018-10-19 21:01:00,0
2018-10-20 09:00:00,DCNN,8491,12,1,AWSDLY,1272,1011,10.1,6.9,4,NA,6,6,6,NA,NA,NA,NA,NA,2018-10-20 09:01:00,0
2018-10-20 21:00:00,DCNN,8491,12,1,AWSDLY,1272,1011,17.7,9.7,NA,NA,6,6,NA,NA,NA,NA,NA,NA,2018-10-20 21:01:00,0
2018-10-21 09:00:00,DCNN,8491,12,1,AWSDLY,1272,1011,11.1,6.3,3.1,NA,6,6,6,NA,NA,NA,NA,NA,2018-10-21 09:03:00,0
2018-10-21 21:00:00,DCNN,8491,12,1,AWSDLY,1272,1011,17.8,11.1,NA,NA,6,1006,NA,NA,NA,NA,NA,NA,2018-10-21 21:01:00,0
2018-10-22 09:00:00,DCNN,8491,12,1,AWSDLY,1272,1011,13.6,3.5,-0.3,NA,6,6,6,NA,NA,NA,NA,NA,2018-10-22 09:01:00,0
2018-10-22 21:00:00,DCNN,8491,12,1,AWSDLY,1272,1011,15.1,6,NA,NA,6,6,NA,NA,NA,NA,NA,NA,2018-10-22 21:01:00,0
2018-10-23 09:00:00,DCNN,8491,12,1,AWSDLY,1272,1011,11,5.5,1.3,NA,6,6,6,NA,NA,NA,NA,NA,2018-10-23 09:01:00,0
2018-10-23 21:00:00,DCNN,8491,12,1,AWSDLY,1272,1011,16.6,10,NA,NA,6,6,NA,NA,NA,NA,NA,NA,2018-10-23 21:04:00,0
2018-10-24 09:00:00,DCNN,8491,12,1,AWSDLY,1272,1011,10.6,6,2.3,NA,6,6,6,NA,NA,NA,NA,NA,2018-10-24 09:01:00,0
2018-10-24 21:00:00,DCNN,8491,12,1,AWSDLY,1272,1011,17,6.1,NA,NA,6,6,NA,NA,NA,NA,NA,NA,2018-10-24 21:01:00,0
2018-10-25 09:00:00,DCNN,8491,12,1,AWSDLY,1272,1011,6.2,1.2,-2.5,NA,1006,6,6,NA,NA,NA,NA,NA,2018-10-25 09:01:00,0
2018-10-25 21:00:00,DCNN,8491,12,1,AWSDLY,1272,1011,14,5.5,NA,NA,6,1006,NA,NA,NA,NA,NA,NA,2018-10-25 21:01:00,0
2018-10-26 09:00:00,DCNN,8491,12,1,AWSDLY,1272,1011,10.8,7.5,4.9,NA,6,6,6,NA,NA,NA,NA,NA,2018-10-26 09:00:00,0
2018-10-26 21:00:00,DCNN,8491,12,1,AWSDLY,1272,1011,10.6,3.9,NA,NA,6,6,NA,NA,NA,NA,NA,NA,2018-10-26 21:01:00,0
2018-10-27 09:00:00,DCNN,8491,12,1,AWSDLY,1272,1011,4.3,-0.1,-3.7,NA,6,6,6,NA,NA,NA,NA,NA,2018-10-27 09:01:00,0
2018-10-27 21:00:00,DCNN,8491,12,1,AWSDLY,1272,1011,7.6,4.2,NA,NA,6,6,NA,NA,NA,NA,NA,NA,2018-10-27 21:01:00,0
2018-10-28 09:00:00,DCNN,8491,12,1,AWSDLY,1272,1011,6.8,4.7,2,NA,6,6,6,NA,NA,NA,NA,NA,2018-10-28 09:02:00,0
2018-10-28 21:00:00,DCNN,8491,12,1,AWSDLY,1272,1011,10.2,5.1,NA,NA,6,6,NA,NA,NA,NA,NA,NA,2018-10-28 21:01:00,0
2018-10-29 09:00:00,DCNN,8491,12,1,AWSDLY,1272,1011,5.8,0.9,-2.5,NA,6,6,6,NA,NA,NA,NA,NA,2018-10-29 09:00:00,0
2018-10-29 21:00:00,DCNN,8491,12,1,AWSDLY,1272,1011,8.6,0.6,NA,NA,6,6,NA,NA,NA,NA,NA,NA,2018-10-29 21:01:00,0
2018-10-30 09:00:00,DCNN,8491,12,1,AWSDLY,1272,1011,4,-2.4,-6.5,NA,6,6,6,NA,NA,NA,NA,NA,2018-10-30 09:01:00,0
2018-10-30 21:00:00,DCNN,8491,12,1,AWSDLY,1272,1011,11.6,-1.1,NA,NA,6,6,NA,NA,NA,NA,NA,NA,2018-10-30 21:01:00,0
2018-10-31 09:00:00,DCNN,8491,12,1,AWSDLY,1272,1011,2.2,-2.5,-6.1,NA,6,6,6,NA,NA,NA,NA,NA,2018-10-31 09:00:00,0
2018-10-31 21:00:00,DCNN,8491,12,1,AWSDLY,1272,1011,12.5,2.2,NA,NA,6,6,NA,NA,NA,NA,NA,NA,2018-10-31 21:01:00,0
2018-11-01 09:00:00,DCNN,8491,12,1,AWSDLY,1272,1011,11.4,7.7,7.3,NA,6,6,6,NA,NA,NA,NA,NA,2018-11-01 09:02:00,0
2018-11-01 21:00:00,DCNN,8491,12,1,AWSDLY,1272,1011,12.2,1.4,NA,NA,6,6,NA,NA,NA,NA,NA,NA,2018-11-01 21:03:00,0
2018-11-02 09:00:00,DCNN,8491,12,1,AWSDLY,1272,1011,1.5,-1.6,-5.4,NA,6,6,6,NA,NA,NA,NA,NA,2018-11-02 09:02:00,0
2018-11-02 21:00:00,DCNN,8491,12,1,AWSDLY,1272,1011,12.5,1,NA,NA,6,1006,NA,NA,NA,NA,NA,NA,2018-11-02 21:01:00,0
2018-11-03 09:00:00,DCNN,8491,12,1,AWSDLY,1272,1011,11.9,7.2,3.6,NA,6,6,6,NA,NA,NA,NA,NA,2018-11-03 09:00:00,0
2018-11-03 21:00:00,DCNN,8491,12,1,AWSDLY,1272,1011,13.6,11.8,NA,NA,6,6,NA,NA,NA,NA,NA,NA,2018-11-03 21:03:00,0
2018-11-04 09:00:00,DCNN,8491,12,1,AWSDLY,1272,1011,12.9,11.8,11.8,NA,6,6,6,NA,NA,NA,NA,NA,2018-11-04 09:00:00,0
2018-11-04 21:00:00,DCNN,8491,12,1,AWSDLY,1272,1011,13,10.4,NA,NA,6,6,NA,NA,NA,NA,NA,NA,2018-11-04 21:01:00,0
2018-11-05 09:00:00,DCNN,8491,12,1,AWSDLY,1272,1011,10.5,9.2,8.9,NA,6,6,6,NA,NA,NA,NA,NA,2018-11-05 09:01:00,0
2018-11-05 21:00:00,DCNN,8491,12,1,AWSDLY,1272,1011,13.3,10.1,NA,NA,6,6,NA,NA,NA,NA,NA,NA,2018-11-05 21:01:00,0
2018-11-06 09:00:00,DCNN,8491,12,1,AWSDLY,1272,1011,13,11.4,10.8,NA,6,6,6,NA,NA,NA,NA,NA,2018-11-06 09:03:00,0
2018-11-06 21:00:00,DCNN,8491,12,1,AWSDLY,1272,1011,15.2,12.4,NA,NA,6,6,NA,NA,NA,NA,NA,NA,2018-11-07 00:05:00,0
2018-11-07 09:00:00,DCNN,8491,12,1,AWSDLY,1272,1011,13.4,11.2,11.9,NA,6,6,6,NA,NA,NA,NA,NA,2018-11-07 09:04:00,0
2018-11-07 21:00:00,DCNN,8491,12,1,AWSDLY,1272,1011,12.7,7.2,NA,NA,6,6,NA,NA,NA,NA,NA,NA,2018-11-07 22:05:00,0
2018-11-08 09:00:00,DCNN,8491,12,1,AWSDLY,1272,1011,11.3,4.8,2.6,NA,6,6,6,NA,NA,NA,NA,NA,2018-11-08 09:02:00,0
2018-11-08 21:00:00,DCNN,8491,12,1,AWSDLY,1272,1011,13.4,11.1,NA,NA,6,6,NA,NA,NA,NA,NA,NA,2018-11-08 22:01:00,0
2018-11-09 09:00:00,DCNN,8491,12,1,AWSDLY,1272,1011,11.9,10.7,9.9,NA,6,6,6,NA,NA,NA,NA,NA,2018-11-09 09:19:00,31
2018-11-09 21:00:00,DCNN,8491,12,1,AWSDLY,1272,1011,12.9,11.1,NA,NA,6,6,NA,NA,NA,NA,NA,NA,2018-11-09 22:17:00,164
2018-11-10 09:00:00,DCNN,8491,12,1,AWSDLY,1272,1011,12.4,9.7,8.4,NA,6,6,6,NA,NA,NA,NA,NA,2018-11-10 10:15:00,0
2018-11-10 21:00:00,DCNN,8491,12,1,AWSDLY,1272,1011,12.2,9,NA,NA,6,6,NA,NA,NA,NA,NA,NA,2018-11-10 20:59:00,0
2018-11-11 09:00:00,DCNN,8491,12,1,AWSDLY,1272,1011,10.5,5.6,2,NA,6,6,6,NA,NA,NA,NA,NA,2018-11-11 09:03:00,0
2018-11-11 21:00:00,DCNN,8491,12,1,AWSDLY,1272,1011,14.1,9.7,NA,NA,6,6,NA,NA,NA,NA,NA,NA,2018-11-11 21:02:00,0
2018-11-12 09:00:00,DCNN,8491,12,1,AWSDLY,1272,1011,11.1,7,3.7,NA,6,6,6,NA,NA,NA,NA,NA,2018-11-12 09:01:00,0
2018-11-12 21:00:00,DCNN,8491,12,1,AWSDLY,1272,1011,14.4,10.3,NA,NA,6,6,NA,NA,NA,NA,NA,NA,2018-11-12 21:02:00,0
2018-11-13 09:00:00,DCNN,8491,12,1,AWSDLY,1272,1011,10.5,7.6,4.7,NA,6,6,6,NA,NA,NA,NA,NA,2018-11-13 09:01:00,0
2018-11-13 21:00:00,DCNN,8491,12,1,AWSDLY,1272,1011,14.3,8.4,NA,NA,6,6,NA,NA,NA,NA,NA,NA,2018-11-13 21:01:00,0
2018-11-14 09:00:00,DCNN,8491,12,1,AWSDLY,1272,1011,12.9,11.6,8.9,NA,6,6,6,NA,NA,NA,NA,NA,2018-11-14 09:01:00,0
2018-11-14 21:00:00,DCNN,8491,12,1,AWSDLY,1272,1011,15.8,10.9,NA,NA,6,6,NA,NA,NA,NA,NA,NA,2018-11-14 22:10:00,0
2018-11-15 09:00:00,DCNN,8491,12,1,AWSDLY,1272,1011,11.3,4,0.5,NA,6,6,6,NA,NA,NA,NA,NA,2018-11-15 09:00:00,0
2018-11-15 21:00:00,DCNN,8491,12,1,AWSDLY,1272,1011,13.3,9.6,NA,NA,6,1006,NA,NA,NA,NA,NA,NA,2018-11-15 23:11:00,0
2018-11-16 09:00:00,DCNN,8491,12,1,AWSDLY,1272,1011,12.5,11.8,12.4,NA,6,6,6,NA,NA,NA,NA,NA,2018-11-16 09:02:00,0
2018-11-16 21:00:00,DCNN,8491,12,1,AWSDLY,1272,1011,13.9,11.3,NA,NA,6,6,NA,NA,NA,NA,NA,NA,2018-11-16 21:04:00,0
2018-11-17 09:00:00,DCNN,8491,12,1,AWSDLY,1272,1011,11.4,8.6,9.4,NA,6,6,6,NA,NA,NA,NA,NA,2018-11-17 09:09:00,0
2018-11-17 21:00:00,DCNN,8491,12,1,AWSDLY,1272,1011,11.2,7.6,NA,NA,6,6,NA,NA,NA,NA,NA,NA,2018-11-18 00:06:00,0
2018-11-18 09:00:00,DCNN,8491,12,1,AWSDLY,1272,1011,7.6,4.9,3.7,NA,6,6,6,NA,NA,NA,NA,NA,2018-11-18 13:59:00,0
2018-11-18 21:00:00,DCNN,8491,12,1,AWSDLY,1272,1011,10.5,5.5,NA,NA,6,6,NA,NA,NA,NA,NA,NA,2018-11-18 21:11:00,0
2018-11-19 09:00:00,DCNN,8491,12,1,AWSDLY,1272,1011,7.5,5.4,3.6,NA,6,6,6,NA,NA,NA,NA,NA,2018-11-19 10:13:00,0
2018-11-19 21:00:00,DCNN,8491,12,1,AWSDLY,1272,1011,10,6.4,NA,NA,6,6,NA,NA,NA,NA,NA,NA,2018-11-20 00:04:00,0
2018-11-20 09:00:00,DCNN,8491,12,1,AWSDLY,1272,1011,6.8,4.4,2.8,NA,6,6,6,NA,NA,NA,NA,NA,2018-11-20 09:00:00,0
2018-11-20 21:00:00,DCNN,8491,12,1,AWSDLY,1272,1011,7.5,4.4,NA,NA,6,6,NA,NA,NA,NA,NA,NA,2018-11-20 22:11:00,0
2018-11-21 09:00:00,DCNN,8491,12,1,AWSDLY,1272,1011,4.8,2.4,-0.2,NA,6,6,6,NA,NA,NA,NA,NA,2018-11-21 09:10:00,0
2018-11-21 21:00:00,DCNN,8491,12,1,AWSDLY,1272,1011,7,3.1,NA,NA,6,6,NA,NA,NA,NA,NA,NA,2018-11-21 22:07:00,0
2018-11-22 09:00:00,DCNN,8491,12,1,AWSDLY,1272,1011,6.2,1.4,-0.7,NA,6,6,6,NA,NA,NA,NA,NA,2018-11-22 09:10:00,0
2018-11-22 21:00:00,DCNN,8491,12,1,AWSDLY,1272,1011,6.7,1.7,NA,NA,6,6,NA,NA,NA,NA,NA,NA,2018-11-22 21:02:00,0
2018-11-23 09:00:00,DCNN,8491,12,1,AWSDLY,1272,1011,5.2,4.2,3,NA,6,6,6,NA,NA,NA,NA,NA,2018-11-23 09:02:00,0
2018-11-23 21:00:00,DCNN,8491,12,1,AWSDLY,1272,1011,7.8,5.2,NA,NA,6,6,NA,NA,NA,NA,NA,NA,2018-11-23 21:02:00,0
2018-11-24 09:00:00,DCNN,8491,12,1,AWSDLY,1272,1011,8.1,7.1,7.7,NA,6,6,6,NA,NA,NA,NA,NA,2018-11-24 09:03:00,0
2018-11-24 21:00:00,DCNN,8491,12,1,AWSDLY,1272,1011,8.8,7.5,NA,NA,6,6,NA,NA,NA,NA,NA,NA,2018-11-24 21:11:00,0
2018-11-25 09:00:00,DCNN,8491,12,1,AWSDLY,1272,1011,8.5,6.5,5,NA,6,6,6,NA,NA,NA,NA,NA,2018-11-25 09:02:00,0
2018-11-25 21:00:00,DCNN,8491,12,1,AWSDLY,1272,1011,8.3,5.1,NA,NA,6,6,NA,NA,NA,NA,NA,NA,2018-11-25 21:02:00,0
2018-11-26 09:00:00,DCNN,8491,12,1,AWSDLY,1272,1011,6.2,4.6,1.7,NA,6,6,6,NA,NA,NA,NA,NA,2018-11-26 09:03:00,0
2018-11-26 21:00:00,DCNN,8491,12,1,AWSDLY,1272,1011,9.1,1.9,NA,NA,6,6,NA,NA,NA,NA,NA,NA,2018-11-26 21:04:00,0
2018-11-27 09:00:00,DCNN,8491,12,1,AWSDLY,1272,1011,4.7,0.5,-3.4,NA,6,6,6,NA,NA,NA,NA,NA,2018-11-27 09:03:00,0
2018-11-27 21:00:00,DCNN,8491,12,1,AWSDLY,1272,1011,10.3,4.7,NA,NA,6,6,NA,NA,NA,NA,NA,NA,2018-11-27 21:01:00,0
2018-11-28 09:00:00,DCNN,8491,12,1,AWSDLY,1272,1011,13.6,7.2,4.7,NA,6,6,6,NA,NA,NA,NA,NA,2018-11-28 09:02:00,0
2018-11-28 21:00:00,DCNN,8491,12,1,AWSDLY,1272,1011,15.6,11.4,NA,NA,6,6,NA,NA,NA,NA,NA,NA,2018-11-28 21:01:00,0
2018-11-29 09:00:00,DCNN,8491,12,1,AWSDLY,1272,1011,13.6,10.1,8.1,NA,6,6,6,NA,NA,NA,NA,NA,2018-11-29 09:10:00,0
2018-11-29 21:00:00,DCNN,8491,12,1,AWSDLY,1272,1011,13.4,9.1,NA,NA,6,6,NA,NA,NA,NA,NA,NA,2018-11-29 21:01:00,0
2018-11-30 09:00:00,DCNN,8491,12,1,AWSDLY,1272,1011,9.9,6.6,4.7,NA,6,6,6,NA,NA,NA,NA,NA,2018-11-30 09:04:00,0
2018-11-30 21:00:00,DCNN,8491,12,1,AWSDLY,1272,1011,11.6,7.6,NA,NA,6,6,NA,NA,NA,NA,NA,NA,2018-11-30 21:03:00,0
2018-12-01 09:00:00,DCNN,8491,12,1,AWSDLY,1272,1011,10.5,8.1,6.5,NA,6,6,6,NA,NA,NA,NA,NA,2018-12-01 09:01:00,0
2018-12-01 21:00:00,DCNN,8491,12,1,AWSDLY,1272,1011,12.4,10.5,NA,NA,6,6,NA,NA,NA,NA,NA,NA,2018-12-01 21:01:00,0
2018-12-02 09:00:00,DCNN,8491,12,1,AWSDLY,1272,1022,13,10.2,NA,NA,6,6,NA,NA,NA,NA,NA,NA,2018-12-03 10:39:56,0
2018-12-02 21:00:00,DCNN,8491,12,1,AWSDLY,1272,1011,13.4,12.3,NA,NA,6,6,NA,NA,NA,NA,NA,NA,2018-12-02 21:01:00,0
2018-12-03 09:00:00,DCNN,8491,12,1,AWSDLY,1272,1022,12.8,10.5,NA,NA,6,6,NA,NA,NA,NA,NA,NA,2018-12-03 10:39:56,0
2018-12-03 21:00:00,DCNN,8491,12,1,AWSDLY,1272,1011,12.7,4.7,NA,NA,6,6,NA,NA,NA,NA,NA,NA,2018-12-03 21:02:00,0
2018-12-04 09:00:00,DCNN,8491,12,1,AWSDLY,1272,1011,5.1,-0.3,-2.7,NA,6,6,6,NA,NA,NA,NA,NA,2018-12-04 09:00:00,0
2018-12-04 21:00:00,DCNN,8491,12,1,AWSDLY,1272,1011,6.3,0.7,NA,NA,6,6,NA,NA,NA,NA,NA,NA,2018-12-04 21:01:00,0
2018-12-05 09:00:00,DCNN,8491,12,1,AWSDLY,1272,1022,7.5,4.6,NA,NA,6,6,NA,NA,NA,NA,NA,NA,2018-12-07 08:46:25,0
2018-12-05 21:00:00,DCNN,8491,12,1,AWSDLY,1272,1011,12.3,7.5,NA,NA,6,1006,NA,NA,NA,NA,NA,NA,2018-12-05 21:10:00,0
2018-12-06 09:00:00,DCNN,8491,12,1,AWSDLY,1272,1011,11.6,10.7,NA,NA,6,6,NA,NA,NA,NA,NA,NA,2018-12-06 09:03:00,0
2018-12-06 21:00:00,DCNN,8491,12,1,AWSDLY,1272,1011,12.6,10.9,NA,NA,6,6,NA,NA,NA,NA,NA,NA,2018-12-06 21:08:00,0
2018-12-07 09:00:00,DCNN,8491,12,1,AWSDLY,1272,1011,13.1,9.6,NA,NA,6,6,NA,NA,NA,NA,NA,NA,2018-12-07 09:02:00,0
2018-12-07 21:00:00,DCNN,8491,12,1,AWSDLY,1272,1011,10.2,7.1,NA,NA,6,6,NA,NA,NA,NA,NA,NA,2018-12-07 21:01:00,0
2018-12-08 09:00:00,DCNN,8491,12,1,AWSDLY,1272,1011,10.3,7.7,NA,NA,6,6,NA,NA,NA,NA,NA,NA,2018-12-08 09:06:00,0
2018-12-08 21:00:00,DCNN,8491,12,1,AWSDLY,1272,1011,12.3,9.4,NA,NA,6,6,NA,NA,NA,NA,NA,NA,2018-12-08 21:10:00,0
2018-12-09 09:00:00,DCNN,8491,12,1,AWSDLY,1272,1011,10.2,8.4,NA,NA,6,6,NA,NA,NA,NA,NA,NA,2018-12-09 09:01:00,0
2018-12-09 21:00:00,DCNN,8491,12,1,AWSDLY,1272,1011,11.5,7.7,NA,NA,6,6,NA,NA,NA,NA,NA,NA,2018-12-09 21:03:00,0
2018-12-10 09:00:00,DCNN,8491,12,1,AWSDLY,1272,1011,8.2,4,NA,NA,6,6,NA,NA,NA,NA,NA,NA,2018-12-10 09:02:00,0
2018-12-10 21:00:00,DCNN,8491,12,1,AWSDLY,1272,1011,9.3,4.5,NA,NA,6,6,NA,NA,NA,NA,NA,NA,2018-12-10 21:04:00,0
2018-12-11 09:00:00,DCNN,8491,12,1,AWSDLY,1272,1011,8.2,6.6,NA,NA,1006,6,NA,NA,NA,NA,NA,NA,2018-12-11 09:02:00,0
2018-12-11 21:00:00,DCNN,8491,12,1,AWSDLY,1272,1011,10,6.5,NA,NA,6,6,NA,NA,NA,NA,NA,NA,2018-12-11 21:03:00,0
2018-12-12 09:00:00,DCNN,8491,12,1,AWSDLY,1272,1011,9.6,8,7,NA,6,6,6,NA,NA,NA,NA,NA,2018-12-12 09:01:00,0
2018-12-12 21:00:00,DCNN,8491,12,1,AWSDLY,1272,1011,9.4,6.5,NA,NA,6,6,NA,NA,NA,NA,NA,NA,2018-12-12 21:02:00,0
2018-12-13 09:00:00,DCNN,8491,12,1,AWSDLY,1272,1011,6.5,4.2,3.8,NA,6,6,6,NA,NA,NA,NA,NA,2018-12-13 09:01:00,0
2018-12-13 21:00:00,DCNN,8491,12,1,AWSDLY,1272,1011,6.3,2.1,NA,NA,6,6,NA,NA,NA,NA,NA,NA,2018-12-13 20:54:00,0
2018-12-14 09:00:00,DCNN,8491,12,1,AWSDLY,1272,1011,3.1,0.2,-1.6,NA,6,6,6,NA,NA,NA,NA,NA,2018-12-14 08:54:00,0
2018-12-14 21:00:00,DCNN,8491,12,1,AWSDLY,1272,1011,6,2.4,NA,NA,6,6,NA,NA,NA,NA,NA,NA,2018-12-14 21:01:00,0
2018-12-15 09:00:00,DCNN,8491,12,1,AWSDLY,1272,1011,5,4,1.9,NA,6,6,6,NA,NA,NA,NA,NA,2018-12-15 09:01:00,0
2018-12-15 21:00:00,DCNN,8491,12,1,AWSDLY,1272,1011,10.2,4.5,NA,NA,6,6,NA,NA,NA,NA,NA,NA,2018-12-15 21:01:00,0
2018-12-16 09:00:00,DCNN,8491,12,1,AWSDLY,1272,1011,9.7,2.8,0.2,NA,6,6,6,NA,NA,NA,NA,NA,2018-12-16 09:04:00,0
2018-12-16 21:00:00,DCNN,8491,12,1,AWSDLY,1272,1011,8.5,2.9,NA,NA,6,6,NA,NA,NA,NA,NA,NA,2018-12-16 21:01:00,0
2018-12-17 09:00:00,DCNN,8491,12,1,AWSDLY,1272,1011,6.6,0.1,-2,NA,6,6,6,NA,NA,NA,NA,NA,2018-12-17 09:01:00,0
2018-12-17 21:00:00,DCNN,8491,12,1,AWSDLY,1272,1011,11.2,1,NA,NA,6,6,NA,NA,NA,NA,NA,NA,2018-12-17 21:01:00,0
2018-12-18 09:00:00,DCNN,8491,12,1,AWSDLY,1272,1011,11.9,10.1,8.7,NA,6,6,6,NA,NA,NA,NA,NA,2018-12-18 09:02:00,0
2018-12-18 21:00:00,DCNN,8491,12,1,AWSDLY,1272,1011,10.4,5.7,NA,NA,6,6,NA,NA,NA,NA,NA,NA,2018-12-18 21:00:00,0
2018-12-19 09:00:00,DCNN,8491,12,1,AWSDLY,1272,1011,8.4,4,1.7,NA,6,6,6,NA,NA,NA,NA,NA,2018-12-19 09:07:00,0
2018-12-19 21:00:00,DCNN,8491,12,1,AWSDLY,1272,1011,10.2,4.3,NA,NA,6,6,NA,NA,NA,NA,NA,NA,2018-12-19 21:01:00,0
2018-12-20 09:00:00,DCNN,8491,12,1,AWSDLY,1272,1011,8.5,6.3,4.3,NA,6,6,6,NA,NA,NA,NA,NA,2018-12-20 09:02:00,0
2018-12-20 21:00:00,DCNN,8491,12,1,AWSDLY,1272,1011,10,7.8,NA,NA,6,6,NA,NA,NA,NA,NA,NA,2018-12-20 21:03:00,0
2018-12-21 09:00:00,DCNN,8491,12,1,AWSDLY,1272,1011,12.1,8,7.4,NA,6,6,6,NA,NA,NA,NA,NA,2018-12-21 09:01:00,0
2018-12-21 21:00:00,DCNN,8491,12,1,AWSDLY,1272,1011,12.1,10.3,NA,NA,6,6,NA,NA,NA,NA,NA,NA,2018-12-21 21:02:00,0
2018-12-22 09:00:00,DCNN,8491,12,1,AWSDLY,1272,1011,11.5,9.6,8.2,NA,6,6,6,NA,NA,NA,NA,NA,2018-12-22 09:07:00,0
2018-12-22 21:00:00,DCNN,8491,12,1,AWSDLY,1272,1011,11.5,7.8,NA,NA,6,6,NA,NA,NA,NA,NA,NA,2018-12-22 21:09:00,0
2018-12-23 09:00:00,DCNN,8491,12,1,AWSDLY,1272,1011,10.9,7,5.6,NA,6,6,6,NA,NA,NA,NA,NA,2018-12-23 09:01:00,0
2018-12-23 21:00:00,DCNN,8491,12,1,AWSDLY,1272,1011,11.6,8.2,NA,NA,6,6,NA,NA,NA,NA,NA,NA,2018-12-23 21:01:00,0
2018-12-24 09:00:00,DCNN,8491,12,1,AWSDLY,1272,1011,8.2,6.6,6.3,NA,6,6,6,NA,NA,NA,NA,NA,2018-12-24 09:02:00,0
2018-12-24 21:00:00,DCNN,8491,12,1,AWSDLY,1272,1011,7.8,6.6,NA,NA,6,6,NA,NA,NA,NA,NA,NA,2018-12-24 22:04:00,0
2018-12-25 09:00:00,DCNN,8491,12,1,AWSDLY,1272,1011,7.7,6.9,6.7,NA,6,6,6,NA,NA,NA,NA,NA,2018-12-25 09:01:00,0
2018-12-25 21:00:00,DCNN,8491,12,1,AWSDLY,1272,1011,9.6,7.7,NA,NA,6,6,NA,NA,NA,NA,NA,NA,2018-12-25 21:01:00,0
2018-12-26 09:00:00,DCNN,8491,12,1,AWSDLY,1272,1011,9.6,8.7,8.2,NA,6,6,6,NA,NA,NA,NA,NA,2018-12-26 09:01:00,0
2018-12-26 21:00:00,DCNN,8491,12,1,AWSDLY,1272,1011,10.8,8.8,NA,NA,6,6,NA,NA,NA,NA,NA,NA,2018-12-26 21:04:00,0
2018-12-27 09:00:00,DCNN,8491,12,1,AWSDLY,1272,1011,9,4.9,1.9,NA,6,6,6,NA,NA,NA,NA,NA,2018-12-27 09:04:00,0
2018-12-27 21:00:00,DCNN,8491,12,1,AWSDLY,1272,1011,11.6,6.2,NA,NA,6,6,NA,NA,NA,NA,NA,NA,2018-12-27 21:01:00,0
2018-12-28 09:00:00,DCNN,8491,12,1,AWSDLY,1272,1011,8.1,3.1,-0.1,NA,6,6,6,NA,NA,NA,NA,NA,2018-12-28 09:00:00,0
2018-12-28 21:00:00,DCNN,8491,12,1,AWSDLY,1272,1011,10.3,4.9,NA,NA,6,6,NA,NA,NA,NA,NA,NA,2018-12-28 21:00:00,0
2018-12-29 09:00:00,DCNN,8491,12,1,AWSDLY,1272,1011,10.9,9.7,8.9,NA,6,6,6,NA,NA,NA,NA,NA,2018-12-29 09:01:00,0
2018-12-29 21:00:00,DCNN,8491,12,1,AWSDLY,1272,1011,11.8,10.2,NA,NA,6,6,NA,NA,NA,NA,NA,NA,2018-12-29 21:00:00,0
2018-12-30 09:00:00,DCNN,8491,12,1,AWSDLY,1272,1011,10.3,9.6,9.2,NA,1006,6,6,NA,NA,NA,NA,NA,2018-12-30 09:04:00,0
2018-12-30 21:00:00,DCNN,8491,12,1,AWSDLY,1272,1011,10.6,9.2,NA,NA,6,6,NA,NA,NA,NA,NA,NA,2018-12-30 21:01:00,0
2018-12-31 09:00:00,DCNN,8491,12,1,AWSDLY,1272,1011,9.9,8.9,8.3,NA,6,6,6,NA,NA,NA,NA,NA,2018-12-31 09:01:00,0
2018-12-31 21:00:00,DCNN,8491,12,1,AWSDLY,1272,1011,10,9.1,NA,NA,6,6,NA,NA,NA,NA,NA,NA,2018-12-31 21:03:00,0
end data
